"Lon","Lat","FIPS","qtystores","SALESPC","PCI","COMM15OVP","COLLENRP","SOMECOLLP","ARMEDP","NONWHITEP","UNEMPP","ENTRECP","PUBASSTP","POVPOPP","URBANP","FOREIGNBP","BAPTISTSP","ADHERENTSP","BKGRTOMIX","COUNTMXBV","MXBVSQM","BKGRTOABC","MXBVPPOP18OV","DUI1802","FVPTHH02","DC","GA","KY","MD","SC","TN","WV","VA","AREALANDSQMI","COUNTBKGR","TOTALPOP","POP18OV","LABFORCE","HHOLDS","POP25OV","POP16OV"
-79.379,36.012,37001,5,50.0878,19429,30.86,5.08,30.05,0.01,24.7,5.09,6,1.54,11.14,69.28,4.47,10.47,42.3,2.5778,42,0.0977,2.7847,4.2149,11.24971148,2.146088705,0,0,0,0,0,0,0,0,429.9892,95,130800,99647,68394,51722,86635,102847
-81.189,35.921,37003,1,30.5286,18515,35.91,2.73,22.41,0.05,7.94,2.5,4.67,2.75,8.48,17.24,1.51,35.14,65.56,8.1428,0,0,4.9106,0,7.273728081,2.352584048,0,0,0,0,0,0,0,0,260.1846,24,33603,25434,18707,13177,22729,26309
-81.119,36.437,37005,1,76.4336,17707,27.2,3.03,26.58,0,5.44,4.6,6.42,2.56,17.15,0,3.39,12.78,27.82,15.7076,0,0,5.341,0,4.987820438,1.738752445,0,0,0,0,0,0,0,0,234.6497,11,10677,8621,5393,4601,7829,8900
-80.055,35.084,37007,1,49.6573,14867,27.02,3.92,21.14,0,50.54,6.02,4.28,3.97,17.77,26.35,0.37,27.12,48.78,6.4227,2,0.0038,6.2977,1.058,9.416494736,0.108542277,0,0,0,0,1,0,0,0,531.567,21,25275,18903,10756,9213,16824,19582
-81.427,36.378,37009,0,0,16419,30.83,2.87,25.62,0.01,3.12,4.62,5.85,2.2,13.45,0,1.11,29.77,50.27,19.269,0,0,16.5737,0,5.784489378,3.75216471,0,0,0,0,0,1,0,0,426.1294,22,24384,19535,11944,10394,17722,20137
-81.921,36.064,37011,1,117.7955,15168,25.57,5.34,27.23,0.1,6.54,6.99,10.79,3.44,15.26,0,1.28,23.73,46.53,6.7375,12,0.0486,7.9448,8.6787,10.4144066,4.600521392,0,0,0,0,0,1,0,0,247.0044,16,17167,13827,7755,6521,12058,14186
-76.925,35.552,37013,6,82.1068,16713,25.92,3.45,28.32,0.03,31.67,6.36,5.61,3.72,19.47,31.32,1.76,7.1,49.48,4.4521,13,0.0157,3.563,3.7831,9.865262055,5.684613282,0,0,0,0,0,0,0,0,827.9667,36,44958,34363,20211,18295,30868,35529
-77.026,36.003,37015,2,44.205,14078,25.73,2.16,18,0.08,63.81,7.05,3.19,5.38,23.46,0,0.31,29.49,43.23,10.0108,2,0.0029,5.5205,1.3683,6.088800712,14.86940781,0,0,0,0,0,0,0,0,699.1933,19,19773,14617,8128,7734,13135,15220
-78.518,34.592,37017,1,35.7416,14755,27.05,4.27,24.39,0.07,42.83,5.57,4.47,5.59,20.98,11.1,1.56,25.22,45.21,8.4829,2,0.0023,7.6016,0.8225,8.14312153,0.07768197,0,0,0,0,0,0,0,0,874.9362,31,32278,24315,13907,12873,21409,25181
-78.263,34.16,37019,9,126.3106,19854,30.1,2.53,32.39,0.43,17.73,4.58,11.56,2.64,12.58,33.82,1.37,15.57,32.33,2.3024,64,0.0749,3.209,11.1063,9.370932755,0.525365293,0,0,0,0,1,0,0,0,854.7938,49,73143,57625,34240,30455,52605,59310
-82.508,35.574,37021,9,79.0527,20397,31.79,4.6,37.33,0.05,11.04,4.75,9.07,2.8,11.44,71.01,2.12,24.27,54.61,2.8608,118,0.1799,3.4607,7.3179,11.75821245,4.466836943,0,0,0,0,0,0,0,0,655.9898,142,206330,161249,106066,85743,143649,166200
-81.725,35.767,37023,1,33.1584,17415,31.08,3.09,24.99,0.01,13.99,4.19,5.24,2.51,10.68,54.36,2.77,34.88,60.38,3.5872,17,0.0335,4.9273,2.5101,15.32623621,1.967251056,0,0,0,0,0,0,0,0,506.7245,60,89148,67727,45094,34566,59922,70064
-80.623,35.375,37025,5,51.7601,21108,37.14,3.39,31.85,0.05,16.77,4.23,6.01,1.5,7.06,72.44,3.22,15.77,52.28,1.9929,37,0.1015,2.7847,3.8107,16.56092939,2.621813488,0,0,0,0,0,0,0,0,364.3897,76,131063,97096,70000,49584,86732,100501
-81.518,35.948,37027,3,57.8026,17369,33.84,2.75,23.59,0.06,8.26,3.4,3.73,2.88,10.71,61.69,1.19,38.04,61.43,2.8431,8,0.017,3.1999,1.348,7.885691177,12.00441243,0,0,0,0,0,0,0,0,471.5991,62,77415,59348,41256,30822,53539,61167
-76.213,36.382,37029,1,46.4236,18707,35.54,3.7,33.3,1.34,17.6,3.6,2.84,2.02,10.06,0,0.13,18.26,43.12,6.9354,0,0,4.3972,0,32.78056305,4.496065942,0,0,0,0,0,0,0,0,240.6773,5,6885,5186,3310,2669,4770,5419
-76.679,34.807,37031,6,116.1465,21256,28.27,3.33,38.36,1.18,10,4.85,9.5,2.34,10.71,61.97,0.66,10.96,41.82,3.125,58,0.1116,3.7468,12.3019,18.94075975,8.959365709,0,0,0,0,0,0,0,0,519.8414,43,59383,47147,29232,25225,43457,48683
-79.303,36.393,37033,4,70.7628,16454,33.97,3.28,22.39,0.02,38.73,6.46,4.15,4,14.4,0,0.75,11.31,27.97,8.4973,0,0,4.61,0,5.937517341,3.921568627,0,0,0,0,0,0,0,0,424.6659,20,23501,18021,10862,8670,16212,18580
-81.194,35.701,37035,6,79.3288,20370,34.05,3.4,29.08,0.09,15,3.26,5.49,2.1,9.08,64.94,4.04,18.48,60.51,1.9173,64,0.16,2.9081,5.9665,10.82366103,4.59128556,0,0,0,0,0,0,0,0,399.9676,89,141685,107265,77857,55540,94747,110788
-79.178,35.638,37037,5,69.1626,23414,36.37,2.77,36.24,0.06,24.67,2.9,5.26,1.87,9.72,19.27,6.03,17.55,37.98,5.5202,2,0.0029,4.2106,0.5225,7.367348538,2.330057745,0,0,0,0,0,0,0,0,682.8527,32,49329,38277,25874,19742,34920,39391
-83.945,35.175,37039,2,132.3409,15828,24.86,3.09,28.05,0.16,5.79,5.51,5.92,3.04,15.34,0,0.19,32.95,53.86,38.2724,0,0,5.1254,0,8.18737693,1.164935443,0,1,0,0,0,1,0,0,455.1884,23,24298,19298,10797,10301,17709,19952
-76.593,36.153,37041,1,66.2681,15061,21.88,5.9,26.08,0.09,39.3,6.71,6.7,5.65,17.6,37.32,0.43,24.45,47.45,4.6091,4,0.0232,4.9729,3.6294,4.71826513,0,0,0,0,0,0,0,0,0,172.637,12,14526,11021,6467,5554,9583,11473
-83.738,35.065,37043,0,0,18229,27.36,4.33,32,0.08,1.54,4.02,6.84,3.31,11.44,0,0.18,29.85,58.74,32.041,0,0,10.7217,0,5.453782688,1.561686622,0,1,0,0,0,0,0,0,214.7023,9,8775,7151,3934,3842,6578,7355
-81.511,35.367,37045,3,46.1434,17396,30.28,4.05,25.07,0.04,23.16,5.37,4.91,3.29,13.27,44.49,0.82,35.84,62.61,4.8339,21,0.0452,4.5389,2.9151,11.00792626,5.344562313,0,0,0,0,1,0,0,0,464.6294,75,96287,72039,47559,37047,63396,74360
-78.628,34.288,37047,7,70.0714,14426,25.19,3.89,22.93,0.09,36.86,7.69,5.77,5.09,22.7,11.7,0.85,28.84,53.69,8.3936,2,0.0021,4.339,0.4922,7.530824699,0.234686693,0,0,0,0,1,0,0,0,936.8039,47,54749,40633,22755,21305,35921,42319
-77.13,35.154,37049,7,73.5621,18405,25.69,4.45,32.49,7.76,29.93,4.48,5.96,3.29,13.08,67.79,1.44,9.19,43.34,2.564,39,0.0551,3.0596,5.6458,8.77269174,4.007380499,0,0,0,0,0,0,0,0,708.4269,59,91436,69078,44830,34686,57027,71338
-78.788,35.064,37051,9,45.7769,17385,31.51,6.03,33.03,12.07,45.06,6.57,6.18,3.58,12.79,87.33,1.87,10.45,34.8,1.5104,155,0.2375,2.5744,7.0941,11.40555632,2.486241864,0,0,0,0,0,0,0,0,652.7165,164,302963,218490,157249,107391,176714,226671
-75.984,36.401,37053,3,148.3465,19946,36.88,2.68,29.3,1.14,9.77,3.63,8.46,2.77,10.68,0,0.29,13.82,30.21,7.5667,8,0.0306,6.414,5.8824,11.54411765,0.145011601,0,0,0,0,0,0,0,0,261.6959,14,18190,13600,9065,6896,12361,14102
-75.71,35.722,37055,5,289.3747,23624,25.88,1.85,44.18,0.32,5.27,4.87,13.44,1.27,8.03,69.62,1.2,4.97,38.96,7.2778,63,0.1642,3.9213,26.7289,27.83198982,0.078833268,0,0,0,0,0,0,0,0,383.5773,19,29967,23570,16601,12685,21713,24314
-80.32,35.819,37057,4,34.4967,18688,34.34,2.69,26.41,0.03,13.28,4.09,5.09,2.65,10.07,43.08,2.36,12.32,43.57,3.3179,24,0.0435,4.2258,2.1493,10.75528809,4.489781876,0,0,0,0,0,0,0,0,552.149,101,147246,111666,77362,58132,100128,115466
-80.472,35.885,37059,1,19.7856,21348,34.28,2.97,29.68,0,9.59,3.72,4.02,1.83,8.6,22.82,2.28,14.93,48.91,3.4955,4,0.0151,6.0187,1.518,7.893438579,0.801515593,0,0,0,0,0,0,0,0,265.1847,25,34835,26351,17601,13724,23840,27262
-77.946,34.979,37061,3,45.6936,14536,28.52,2.53,22.09,0.12,41.46,7.36,4.57,4.12,19.44,13.46,8.7,14.46,36,5.7572,5,0.0061,5.6998,1.3804,7.426425929,1.257999234,0,0,0,0,0,0,0,0,817.7277,38,49063,36222,23423,18283,31700,37640
-78.798,36.01,37063,9,75.237,23154,34.83,6.94,41.06,0.05,48.92,5.11,6.48,2.67,13.37,92.49,7.93,13.08,39.32,0.9958,100,0.3445,1.7128,5.8008,8.399559139,0.337074864,0,0,0,0,0,0,0,0,290.3175,129,223314,172390,120651,89001,143804,177253
-77.548,35.922,37065,5,79.9437,14441,25.44,3.08,18.45,0.02,60.23,9.63,5.58,7.04,19.59,54.92,1.32,11.14,33.21,3.3795,5,0.0099,2.4694,1.2336,7.746965361,9.651185577,0,0,0,0,0,0,0,0,505.026,49,55606,40532,25155,20412,35748,42327
-80.365,36.072,37067,11,77.8298,23050,32.78,5.07,36.7,0.04,31.47,4.59,6.88,2.5,11.05,90.91,4.26,10.84,50.36,1.4647,133,0.3247,2.1017,5.709,13.06210402,0.346709884,0,0,0,0,0,0,0,0,409.5951,205,306067,232964,158215,124023,204081,240086
-78.306,36.067,37069,4,66.4245,17555,37.19,3.22,26.05,0.02,33.79,4.73,4.62,3.28,12.59,8.72,2.5,21.18,36.38,5.4199,2,0.0041,3.9082,0.5666,7.19526359,0.168133161,0,0,0,0,0,0,0,0,492.0227,26,47260,35301,23863,17843,31467,36469
-81.153,35.279,37071,5,44.0889,19254,34.13,3.3,28.07,0.03,16.95,5.66,4.86,2.46,10.86,77.53,2.21,25.26,57.45,2.3248,67,0.1881,3.4117,4.6671,11.77224536,0.677176445,0,0,0,0,1,0,0,0,356.2145,173,190365,143558,96898,73836,127748,148421
-76.739,36.425,37073,3,65.0041,15990,31.75,2.73,24.33,0.21,41.36,4.37,4.64,2.62,17.03,0,0.57,22.07,43.52,13.1195,1,0.0029,6.6322,1.2952,5.31019298,1.028277635,0,0,0,0,0,0,0,0,340.6074,10,10516,7721,4551,3890,7095,8012
-83.813,35.339,37075,0,0,14245,24.22,2.4,22.76,0.01,8.01,5.88,7.79,2.55,19.51,0,0.43,22.24,31.95,20.4263,0,0,9.9837,0,31.57051282,4.148148148,0,0,0,0,0,1,0,0,292.0674,9,7993,6240,3505,3375,5622,6475
-78.639,36.261,37077,2,60.8216,17186,30.88,3.35,26.17,0.07,39.79,4.44,3.46,2.68,11.67,34.43,2.66,23.45,37.99,7.3347,0,0,4.2435,0,8.018203489,5.521214667,0,0,0,0,0,0,0,0,531.1171,29,48498,36916,21879,16663,32641,38032
-77.627,35.451,37079,2,33.0548,15496,30.27,2.96,20.05,0.08,48.19,7.27,3.92,5.88,20.23,0,3.72,2.84,29.71,10.925,0,0,4.4383,0,5.979599015,12.8723245,0,0,0,0,0,0,0,0,265.3988,14,18974,14215,8528,6681,12380,14779
-79.835,36.06,37081,17,78.1233,23378,34.29,6.66,37.84,0.04,35.44,5.47,6.88,2.39,10.59,83.8,4.25,10.72,46.67,1.1662,267,0.4111,2.1237,8.3034,10.36839846,8.985833679,0,0,0,0,0,0,0,0,649.423,250,421048,321554,229864,168710,275494,331721
-77.608,36.208,37083,4,74.1366,13790,21.86,2.9,21.21,0.02,57.56,8.08,6.4,6.68,23.9,42.65,0.61,12.61,34.62,6.1532,7,0.0097,3.8188,1.6533,9.966934341,3.70470769,0,0,0,0,0,0,0,0,725.3571,50,57370,42340,22704,22134,37719,43840
-78.833,35.338,37085,4,37.8352,16782,34.05,5.74,26.6,2.66,28.81,7.83,4.7,3.07,14.9,33.85,2.77,14.45,32.61,3.7309,12,0.0202,4.8742,1.8013,10.22215551,0.620622396,0,0,0,0,0,0,0,0,595.0127,43,91025,66620,45042,33837,57138,68919
-83.014,35.586,37087,3,67.6182,18577,28.31,3.41,33.41,0.01,3.51,4.56,9.09,2.75,11.51,52.12,0.6,42.01,73.02,3.806,10,0.0181,3.3186,2.3361,8.503282173,2.163284732,0,0,0,0,0,1,0,0,553.6637,49,54033,42807,25258,23113,39552,44172
-82.457,35.339,37089,3,53.3138,21099,29.4,2.79,39.38,0.01,7.77,4.6,6.87,2.04,9.72,52.77,3.32,23.09,55.83,1.8607,49,0.131,3.2194,6.9403,8.569162347,4.724157258,0,0,0,0,1,0,0,0,374.0023,59,89173,70602,41450,37467,65039,72583
-77.005,36.399,37091,3,84.8773,15643,22.61,3.13,22.97,0.05,62.52,8.69,4.1,5.78,18.33,34.05,0.69,24.32,43.29,3.4813,2,0.0057,2.5888,1.1865,9.610821073,20.45835662,0,0,0,0,0,0,0,0,353.258,20,22601,16856,9540,8945,14976,17625
-79.225,35.048,37093,1,25.1169,13633,31.66,4.51,24.34,4.39,55.39,6.36,5.07,4.8,17.68,43.51,3.47,9.98,22.46,2.9778,9,0.023,4.0535,3.8123,5.633683497,1.055037806,0,0,0,0,0,0,0,0,391.2149,17,33646,23608,15584,11374,19934,24586
-76.227,35.469,37095,2,93.0183,13195,19.55,0.89,23.05,0,35.62,5.25,8.47,6.01,15.44,0,0.57,2.63,31.24,23.3144,0,0,9.002,0,14.88352028,4.130335016,0,0,0,0,0,0,0,0,612.7953,4,5826,4636,2360,2179,4190,4798
-80.924,35.76,37097,3,67.7831,21172,32.92,2.94,30.96,0.04,17.59,3.96,5.89,1.32,8.16,50.43,2.26,17.08,50.11,2.965,46,0.0799,4.7419,5.034,11.6328697,1.09762533,0,0,0,0,0,0,0,0,575.5681,83,122660,91379,63780,47375,82036,94615
-83.145,35.266,37099,1,51.6086,17592,26.55,14.25,33.49,0.04,14.18,10.24,12.19,2.79,15.12,21.63,0.63,24.89,43.16,10.6899,1,0.002,5.4483,0.3728,30.57077881,4.176792224,0,1,0,0,1,0,0,0,490.7143,27,33121,26823,17493,13168,20881,27591
-78.342,35.498,37101,5,52.856,18815,37.48,2.86,29.01,0.12,22.14,3.95,5.38,2.84,12.81,31.64,3.96,11.76,35.21,2.3555,45,0.0568,4.408,5.0024,10.18264282,4.475374732,0,0,0,0,0,0,0,0,791.8547,68,121965,89957,62248,46700,80268,93069
-77.3,34.97,37103,2,58.0394,15951,32.98,3.4,24.14,0.46,38.44,4.97,5.73,3.96,16.91,0,1,13.52,38.82,8.9822,0,0,4.9366,0,5.316390041,0.488758553,0,0,0,0,0,0,0,0,471.8778,8,10381,7712,4589,4092,6998,8052
-79.245,35.501,37105,2,78.7515,19122,30.21,3.11,30.32,0.41,30.12,4.61,4.86,2.41,12.84,51.88,6.23,14.19,45.28,2.2985,22,0.0855,3.4019,6.0295,7.564337983,4.377431907,0,0,0,0,0,0,0,0,257.2613,39,49040,36487,24335,18504,32043,37817
-77.595,35.266,37107,3,52.666,16766,26.6,3.6,27.13,0.13,43.87,7.99,5.66,4.25,16.57,55.34,1.52,8.54,39.8,3.4284,15,0.0375,3.0713,3.3679,10.0139207,1.130937421,0,0,0,0,0,0,0,0,399.8523,54,59648,44538,27832,23874,39833,46289
-81.171,35.491,37109,2,56.3211,18871,35.95,2.79,27.05,0.04,9.77,3.89,4.47,1.88,9.17,37.9,3.64,21.6,54.39,3.5304,14,0.0469,4.5452,2.9181,4.731433812,0,0,0,0,0,0,0,0,0,298.7913,44,63780,47977,33668,24060,43259,49625
-82.042,35.727,37111,1,44.1599,16109,32.3,2.87,23.61,0.07,8.32,4.53,5.6,2.56,11.6,23.29,1.86,27.77,47.92,14.2752,0,0,4.9887,0,6.431758732,1.808754371,0,0,0,0,0,0,0,0,441.6805,30,42151,32495,20540,16586,29157,33547
-83.432,35.161,37113,2,109.0666,18667,22.47,3.01,33.16,0.03,3.27,4.85,9.19,2,12.62,18.85,0.97,31.81,68.18,10.9797,4,0.0077,4.6039,1.6828,10.05469079,1.944768573,0,1,0,0,1,0,0,0,516.4714,33,29811,23770,13531,12855,21908,24541
-82.717,35.888,37115,0,0,16050,32.32,6.21,25.61,0.12,2.69,5.18,5.7,3.4,15.39,0,0.63,36.64,53.64,15.8937,0,0,16.1565,0,9.192128431,3.00150075,0,0,0,0,0,1,0,0,449.4198,17,19635,15448,9233,7996,13409,15909
-77.07,35.871,37117,3,76.7703,15104,27.25,3.33,24.01,0.09,47.63,8,4.22,4.61,20.19,22.41,1.05,15.48,51.59,6.2649,4,0.0087,3.5427,2.0991,5.719983207,1.595373417,0,0,0,0,0,0,0,0,461.1747,23,25593,19056,11599,10029,17014,19815
-80.895,35.259,37119,22,83.3776,27360,39.62,4.95,43.41,0.04,35.96,5.17,7.41,2.29,9.2,96.24,6.1,10.56,47.97,0.8001,535,1.0166,1.8605,10.2491,10.6993157,0.153530657,0,0,0,0,1,0,0,0,526.275,373,695454,521996,389714,273561,455163,538229
-82.183,35.992,37121,0,0,15958,28.41,2.45,25.76,0,2.56,4.1,5.39,2.2,13.83,0,0.87,50.5,70.94,19.5991,0,0,17.5994,0,27.5288609,3.495440729,0,0,0,0,0,1,0,0,221.4271,14,15687,12387,7348,6580,11315,12786
-79.94,35.268,37123,2,58.3251,16487,27.74,2.76,21.19,0.05,30.92,5.07,3.35,3.16,15.36,12.46,6.03,15.39,45.13,7.5805,1,0.002,5.7791,0.4963,8.338296605,8.320649417,0,0,0,0,0,0,0,0,491.5992,21,26822,20148,12476,9855,17713,20900
-79.366,35.27,37125,5,79.1585,23477,26.9,3.34,40.48,0.74,19.5,5.46,10.02,1.95,11.37,41.33,2.18,10.72,40.86,3.3731,57,0.0817,4.6062,9.7906,11.23344613,3.732917843,0,0,0,0,0,0,0,0,697.7355,55,74769,58219,34482,30807,53347,59996
-77.961,36.019,37127,9,95.6081,18890,28.62,3.94,27.46,0.11,38.18,5.49,6.4,3.13,13.44,51.52,1.51,19.25,45.19,3.3079,27,0.05,2.5494,4.1419,7.777624373,0.386571114,0,0,0,0,0,0,0,0,540.2686,62,87420,65187,42014,33629,57522,67663
-77.939,34.288,37129,8,110.4898,23124,31.15,8.52,41.54,0.28,20.04,5.7,10.11,2.62,13.05,95.4,1.47,13.78,47.19,0.7795,177,0.8897,1.6768,13.954,15.57018408,0.454272358,0,0,0,0,0,0,0,0,198.9339,99,160307,126845,86628,68241,107671,130292
-77.415,36.377,37131,5,79.0144,15357,24.96,2.79,21.37,0.05,60.79,8.63,4.57,5.99,21.26,9.8,0.42,15.91,31.36,8.6189,0,0,4.0156,0,6.649892164,3.111315971,0,0,0,0,0,0,0,0,536.4788,21,22086,16692,8718,8678,15199,17334
-77.37,34.805,37133,6,42.5965,14873,31.64,5.34,25.79,21.53,27.74,4.29,5.63,3.5,12.91,71.23,1.45,8.92,25.77,1.9505,87,0.1135,3.904,7.8414,8.111762055,0.644396865,0,0,0,0,0,0,0,0,766.818,78,150355,110950,85054,48107,75286,114643
-79.157,36.03,37135,6,73.5195,24884,34,15.64,42.19,0.08,21.65,3.71,8.37,1.54,14.13,68.04,5.54,6.69,30.48,1.5835,68,0.1701,2.2279,7.2142,10.42871238,2.17789006,0,0,0,0,0,0,0,0,399.8379,56,118227,94259,65009,45916,69530,96919
-76.776,35.165,37137,2,69.6151,18050,26.93,3.29,31.69,0.09,26.94,5.65,5.57,4.02,15.33,0,0.75,3.1,35.51,7.3091,4,0.0119,6.604,3.9158,5.873715125,3.104384944,0,0,0,0,0,0,0,0,336.9417,12,12934,10215,5348,5154,9332,10534
-76.292,36.323,37139,2,75.3746,14853,21.82,7.73,29.6,1.42,43.08,9.47,7.15,5.47,18.4,54.91,1.02,8.23,32.48,2.2156,13,0.0573,2.8599,4.9539,11.01288012,1.315280464,0,0,0,0,0,0,0,0,226.8762,25,34897,26242,16453,12925,22223,27224
-77.964,34.475,37141,4,77.5294,17879,33.37,2.87,30.13,0.28,27.08,5.64,4.99,3.44,13.59,7.89,2.09,16.25,33.18,4.7601,17,0.0195,4.8673,5.3905,9.005295367,16.06775861,0,0,0,0,0,0,0,0,870.6733,22,41082,31537,19087,16057,28566,32642
-76.459,36.21,37143,0,0,15745,28.97,2.87,27.3,0.48,28.98,5.86,7.89,4.98,17.94,0,0.11,12.95,42.7,9.6632,0,0,10.0804,0,5.019965773,0,0,0,0,0,0,0,0,0,247.1678,10,11368,8765,4765,4662,7970,9069
-78.971,36.358,37145,2,64.3756,18746,33.07,3.22,25.27,0.1,31.22,4.7,4.39,2.75,11.99,26.65,0.76,24.07,44.72,3.8018,8,0.0204,4.1076,2.9597,10.46984832,10.21783864,0,0,0,0,0,0,0,0,392.3107,24,35623,27030,17644,14093,24473,27933
-77.34,35.592,37147,10,71.1547,18263,28.76,13.19,32.34,0.12,37.81,6.76,7.79,3.52,20.34,65.39,2.25,5.27,31.64,2.6875,61,0.0936,2.1361,5.9593,12.76853489,6.425489041,0,0,0,0,0,0,0,0,651.5767,79,133798,102361,69419,52603,79040,105514
-82.208,35.275,37149,2,41.4586,19851,29.32,2.46,39.03,0.04,7.61,4.08,7.49,2.08,10.07,9.33,1.31,31.73,63.12,3.9799,7,0.0294,4.0543,4.7795,7.510583094,0.887536452,0,0,0,0,1,0,0,0,237.8545,12,18324,14646,8266,7887,13653,15023
-79.751,35.695,37151,2,26.5361,18246,34.98,2.67,23.02,0.02,10.87,3.13,5.07,1.87,9.15,39.71,4.1,11.34,36.67,9.4632,1,0.0013,6.7641,0.1023,7.283291393,0.059245216,0,0,0,0,0,0,0,0,787.3608,70,130454,97758,69346,50637,87450,101238
-79.773,35.034,37153,2,52.1856,14506,22.88,3.23,21.5,0.94,35.29,6.73,4.86,4.37,19.56,54.18,1.33,18.69,46.81,2.9841,6,0.0127,3.846,1.7358,9.17086154,0.781555295,0,0,0,0,1,0,0,0,473.9788,44,46564,34566,20835,17913,29870,35948
-79.042,34.621,37155,7,46.0179,13286,27.31,4.16,20.65,0.06,67.3,9.61,4.97,6.15,22.81,34.49,3.34,19.13,42.42,7.0109,15,0.0158,3.3263,1.7117,10.8979699,5.936554506,0,0,0,0,1,0,0,0,948.8386,81,123339,87631,53500,43628,74458,91573
-79.723,36.396,37157,3,48.5878,17141,31.29,2.56,24.56,0.04,22.66,5.76,4.72,3,12.79,40.7,1.89,13,38.82,3.1292,14,0.0247,3.806,1.9859,7.291090401,0.539840207,0,0,0,0,0,0,0,0,566.4353,78,91928,70497,45044,37048,63470,72900
-80.455,35.692,37159,5,58.4709,18077,31.17,3.82,26.93,0.04,20.34,6.28,5.9,2.7,10.59,58.78,2.52,13.71,48.59,3.4837,27,0.0528,3.2536,2.7474,9.452969189,2.799720028,0,0,0,0,0,0,0,0,511.3137,91,130340,98276,65877,50005,86345,101606
-81.974,35.439,37161,3,38.5022,16288,27.84,3.41,25.32,0.02,12.7,6.02,4.82,3.67,13.92,36.95,0.65,44.22,70.21,3.9119,19,0.0337,4.5395,3.9696,9.401637974,3.297052514,0,0,0,0,1,0,0,0,564.1166,51,62899,47864,30041,25174,42889,49499
-78.383,34.944,37163,4,46.7202,14978,28.63,3.1,21.83,0.1,39.62,6.91,4.39,3.1,17.55,14.81,5.22,18.29,46.43,6.7698,5,0.0053,5.0469,1.12,8.646178658,1.799694052,0,0,0,0,0,0,0,0,945.4468,44,60161,44644,28506,22226,38796,46344
-79.512,34.872,37165,2,63.0769,15691,23.48,4.79,26.28,0.12,48.29,9.89,5.18,5.23,20.56,47.17,0.68,8.68,37.05,4.0964,4,0.0125,4.3898,1.5462,5.257054503,4.176922503,0,0,0,0,1,0,0,0,319.144,28,35998,25870,15887,13407,22563,26939
-80.236,35.243,37167,2,40.2627,17885,29.87,3.39,24.97,0.01,15.43,4.48,4.99,2.82,10.71,32.25,1.72,29.33,62.65,4.9341,11,0.0278,5.2055,2.5225,11.83269125,0.945818133,0,0,0,0,0,0,0,0,395.0577,46,58100,43608,29294,22203,38702,45294
-80.197,36.43,37169,1,18.5378,18144,38.41,2.39,22.64,0.02,6.45,5.85,4.61,1.78,9.07,20.13,0.91,12.59,36.25,8.7126,0,0,8.0225,0,9.503789673,2.16191614,0,0,0,0,0,0,0,0,451.8379,30,44711,33776,23629,17577,30598,34938
-80.722,36.341,37171,3,57.2119,17754,30.18,3.35,25.84,0.02,9.51,3.38,5.45,1.98,12.42,30.19,3.32,26.15,50.74,6.8836,7,0.013,4.8961,1.286,11.15173339,2.782473936,0,0,0,0,0,0,0,0,536.5194,53,71219,54431,35413,28392,49018,56188
-83.511,35.487,37173,1,93.0599,14679,22.49,2.99,27.2,0,32.74,10.14,20.04,2.28,18.31,0,0.22,22.79,40.68,4.287,6,0.0114,4.4504,6.115,16.71422748,2.338725395,0,0,0,0,0,1,0,0,528.1008,12,12968,9812,5968,5131,8739,10207
-82.802,35.17,37175,1,68.5591,20776,25.14,4.69,37.54,0,6.88,4.88,8.59,2.24,9.48,37.09,0.95,34.34,59.91,2.0157,25,0.0661,4.6939,10.7011,8.475301772,0.161681487,0,0,0,0,1,0,0,0,378.3902,25,29334,23362,13254,12370,20973,24193
-76.237,35.779,37177,1,48.6812,13293,22.15,2.72,22.17,0.1,43.91,6.04,11.24,4.72,23.32,0,3.04,9.71,43.38,23.0696,0,0,4.8222,0,7.153965785,0.647249191,0,0,0,0,0,0,0,0,389.9125,4,4149,3215,1673,1545,2828,3323
-80.529,35.073,37179,2,39.3016,21966,37.45,3.29,31.52,0.01,17.21,4.3,5.38,1.65,8.14,50.17,3.9,21.48,47.67,3.7121,32,0.0502,5.352,3.5924,10.87822895,2.144339405,0,0,0,0,1,0,0,0,637.3667,64,123677,89077,65074,43370,78878,92443
-78.417,36.341,37181,2,76.8282,15884,25.17,2.92,21.54,0.03,51.63,8.29,4.91,5.25,20.5,49.17,2.4,15.2,45.69,2.8329,9,0.0355,3.2847,2.8724,9.191587145,9.522042911,0,0,0,0,0,0,0,0,253.5158,34,42954,31333,19891,16173,27360,32491
-78.652,35.88,37183,19,70.8919,26998,39.74,6.57,45.99,0.11,27.7,3.89,6.63,1.59,7.82,88.11,6.21,10.52,43.82,1.0743,352,0.4231,2.1281,7.4797,11.16850719,1.243118451,0,0,0,0,0,0,0,0,831.9239,263,627846,470609,358032,242133,403481,485147
-78.067,36.362,37185,2,55.1883,14781,26.55,2.5,24.18,0,60.98,8.3,4.62,4.36,19.45,0,1.13,18,39.48,6.322,1,0.0023,4.8252,0.6544,30.10077215,4.147764096,0,0,0,0,0,0,0,0,428.7022,15,19972,15282,7960,7715,13599,15826
-76.627,35.842,37187,2,75.4002,15006,23.49,2.55,21.5,0,52.08,7.13,6.53,4.91,21.76,34.46,0.85,9.72,52.24,14.6787,0,0,4.1638,0,5.894488653,0.371609067,0,0,0,0,0,0,0,0,348.4644,14,13723,10179,5833,5382,9091,10591
-81.723,36.234,37189,2,99.1512,17260,27.79,23.95,32.38,0.02,3.96,8.21,13.81,1.19,17.91,40.03,1.03,24.4,47.51,4.3177,20,0.064,4.0918,5.5892,10.78724534,0.483325278,0,0,0,0,0,1,0,0,312.5086,31,42695,35783,23265,16552,23939,36673
-78.025,35.319,37191,6,54.344,16999,27.03,4.18,28.74,3.08,38.66,5.88,5.32,2.89,13.84,55.16,2.38,6.86,37.27,3.1288,25,0.0452,3.2861,2.9888,11.02251127,0.987282857,0,0,0,0,0,0,0,0,552.5692,67,113329,83647,53790,42541,72894,86989
-81.212,36.244,37193,2,36.837,17528,32.71,2.82,23.93,0.06,7.44,3.75,5.31,2.09,11.85,26.28,2.22,40.05,58.32,5.3956,9,0.0119,5.5459,1.772,10.90765899,13.08733641,0,0,0,0,0,0,0,0,757.1856,54,65632,50790,32906,26667,45498,52377
-77.908,35.705,37195,8,88.6744,17144,26.9,4,24.54,0.08,44.56,7.23,5.97,4.44,18.47,63.1,3.53,8.53,38.4,2.5955,18,0.0485,1.7366,3.2715,9.723560095,5.05931612,0,0,0,0,0,0,0,0,371.089,58,73814,55021,36184,28660,48061,57083
-80.619,36.202,37197,0,0,18596,34.67,2.8,24.1,0.04,6.66,3.15,5.49,1.35,9.97,13.87,2.98,23.51,47.11,13.3833,0,0,9.9562,0,11.0958508,0.069027404,0,0,0,0,0,0,0,0,335.5543,28,36348,27668,18275,14487,24916,28439
-82.299,35.905,37199,0,0,16330,29.99,2.3,24.5,0.01,1.96,4.54,5.19,2.8,15.76,0,2.18,29.85,48.12,21.7874,0,0,19.7977,0,6.074031728,3.07610004,0,0,0,0,0,1,0,0,312.4538,14,17774,13994,8153,7477,12709,14454
-75.634,37.752,51001,2,37.2098,16304,25.29,2.11,22.88,0.35,36.44,7.53,8.65,3.35,18,9.98,2.77,8.21,35.16,4.6559,20,0.0439,5.7796,6.8951,3.344135696,0.523903078,0,0,0,1,0,0,0,1,455.2443,29,38305,29006,18116,15270,25894,30048
-78.59,37.956,51003,3,82.5548,28902,33.84,3.09,47.32,0.23,14.77,3.11,6.6,1.32,6.74,51.66,4.13,6.19,30.05,2.1365,41,0.0567,4.2708,6.8779,4.244183121,0.031332247,0,0,0,0,0,0,0,1,722.6069,62,79236,59611,41043,31916,53847,61615
-80.023,37.78,51005,1,31.6982,19643,27.9,2.69,27.17,0,3.49,5.29,5.24,3.63,7.14,27.45,0.31,21.06,53.94,4.9827,6,0.0135,5.3937,6.0162,11.02978041,0.777453839,0,0,0,0,0,0,1,1,444.6263,13,12926,9973,5894,5145,9168,10322
-77.918,37.37,51007,1,49.9726,18826,40.54,1.7,21.95,0,29.54,2.88,5.2,1.23,8.41,0,0.22,9.2,28.6,6.1609,1,0.0028,6.6754,1.1752,4.113291809,0,0,0,0,0,0,0,0,1,356.8008,9,11400,8509,5731,4240,7789,8794
-79.135,37.593,51009,2,57.881,16944,31.86,5.26,24.83,0.08,22.32,5.01,4.5,2.78,10.69,36.94,0.81,14.76,35.16,2.6625,7,0.0147,3.4355,2.8667,7.494471292,0,0,0,0,0,0,0,0,1,475.1752,20,31894,24418,15431,11928,21293,25315
-78.813,37.374,51011,1,62.3803,18079,33.97,2.3,22.27,0,24.15,2.87,4.32,3.15,11.39,0,0.74,28.27,59.2,13.3323,0,0,5.2019,0,4.16585933,0,0,0,0,0,0,0,0,1,333.6861,12,13705,10322,6593,5331,9421,10712
-77.098,38.874,51013,4,33.1219,37699,48.67,3.94,55.76,1.83,30.96,2.72,7.78,1.72,7.76,100,16.12,1.74,29.2,0.3169,190,7.3444,0.8614,11.9867,5.375089112,0.023128339,1,0,0,1,0,0,0,1,25.8699,142,189453,158509,120803,86474,138844,161333
-79.093,38.131,51015,2,46.4701,19724,35.39,2.07,26.38,0.05,4.96,2.48,5.1,1.72,5.8,22.04,0.64,5.1,46.58,4.5861,5,0.0052,6.755,0.998,3.293544652,0.120690349,0,0,0,0,0,0,1,1,970.3644,51,65615,50098,33835,24857,45609,51860
-79.762,38.046,51017,1,65.6827,23036,30.49,1.72,25.59,0,6.76,4.24,22.54,1.22,7.79,0,2.77,8.22,55.49,6.6344,4,0.0075,6.2551,9.9925,2.997751686,0,0,0,0,0,0,0,1,1,531.8629,5,5048,4003,2617,2053,3705,4124
-79.553,37.333,51019,1,27.5552,21555,38.89,2.51,33.27,0,8.32,2.93,4.99,1.11,7.11,15.3,0.47,15.53,36.03,3.4257,19,0.0252,5.7632,4.1444,3.773584906,0.210101689,0,0,0,0,0,0,0,1,754.5012,43,60371,45845,31345,23798,42413,47464
-81.158,37.125,51021,0,0,17715,30.07,3.35,23.8,0,5.04,4.5,5.6,2.7,12.36,0,0.33,5.71,41.77,10.0923,0,0,10.4935,0,5.406379528,0,0,0,0,0,0,0,1,1,358.6685,6,6871,5549,2820,2555,4989,5723
-79.761,37.532,51023,1,33.4214,22200,39.71,2.58,33.68,0.03,5.18,2.75,4.76,1.36,5.19,32.87,0.19,22.38,55.27,4.5751,3,0.0055,6.4422,1.283,5.773672055,0.17149717,0,0,0,0,0,0,0,1,542.6572,22,30496,23382,16171,11662,21621,24204
-77.854,36.888,51025,1,40.4863,14893,25.06,4.59,22.31,0.09,58.07,7.2,4.91,3.8,16.54,24.21,0.54,8.05,34.62,5.9653,4,0.0071,5.9321,2.7285,14.46111869,0.159693389,0,0,0,0,0,0,0,1,566.14,16,18419,14660,6987,6262,12777,15074
-81.986,37.223,51027,1,18.3483,12808,22.53,2.83,17.7,0,2.94,8.34,3,6.05,23.17,0,0.15,10.33,26.7,19.6013,0,0,7.7673,0,6.768269595,0,0,0,1,0,0,0,1,1,503.8811,26,26978,21128,8754,10496,18851,22008
-78.574,37.575,51029,1,39.4109,13718,27.79,1.68,17.25,0.05,40.77,5.47,4.2,4.67,19.96,0,0.28,18.98,33.26,9.2366,2,0.0034,7.1545,1.6498,7.093953642,0.376506024,0,0,0,0,0,0,0,1,580.8571,13,15623,12123,6144,5312,10893,12484
-79.129,37.191,51031,3,78.7022,18127,34.66,3.32,27.47,0.06,16.62,3.05,4.63,2.6,10.59,38.27,0.35,60.13,99,4.7249,5,0.0099,4.7686,1.2875,2.394747007,0.048419116,0,0,0,0,0,0,0,1,504.4823,35,51078,38835,25914,20653,35018,40079
-77.308,37.996,51033,1,25.9584,18397,39.04,1.66,22.95,0.28,37.32,4.34,7.88,2.64,9.35,0,0.63,19.04,32.47,6.5397,2,0.0038,7.8095,1.2011,3.002642325,0.872274143,0,0,0,0,0,0,0,1,532.5241,18,22121,16652,11025,8025,15082,17267
-80.715,36.707,51035,1,45.6926,16456,32.57,2.73,21.81,0,2.88,6.13,6.18,4.22,12.46,1.44,0.34,14.23,38.25,4.6606,3,0.0063,7.2402,1.2971,4.28052577,0.328191664,0,0,0,0,0,0,0,1,476.3388,19,29245,23128,14597,12188,21006,23758
-77.052,37.364,51036,0,0,19243,42.1,2.82,21.76,0.1,64.54,3.69,9.68,2.7,10.64,0,0.3,33.35,45.26,5.3645,0,0,10.6892,0,1.109672647,0,0,0,0,0,0,0,0,1,182.7616,6,6926,5407,3575,2669,4845,5587
-78.697,37.008,51037,1,35.0195,14714,29.71,1.82,19.52,0,34.43,5.58,3.41,3.09,18.13,0,0.56,23.61,55.59,15.5853,0,0,7.4844,0,5.727619856,0,0,0,0,0,0,0,0,1,474.995,11,12472,9428,5482,4954,8570,9777
-77.547,37.361,51041,7,70.2988,25301,40.7,4.38,40.68,0.25,23.48,3.15,5.78,1.37,4.54,89.5,1.97,10.9,36.42,1.1523,103,0.2419,2.0578,5.5184,6.477433458,0.095941667,0,0,0,0,0,0,0,1,425.7537,160,259903,186648,140775,93807,167037,195326
-77.997,39.074,51043,1,59.9266,24882,37.93,2.57,35.05,0.07,8.04,2.09,4.48,1.45,6.57,23.63,0.71,8.11,35.69,2.7376,7,0.0396,4.2307,7.2158,6.494175858,0,0,0,0,0,0,0,1,1,176.6165,11,12652,9701,6712,4950,9015,10002
-80.222,37.5,51045,0,0,17506,38.97,1.69,25.02,0,0.9,2.78,4.18,1.55,10.26,0,0.1,4.97,46.45,12.859,0,0,14.2055,0,11.83127572,0.484730974,0,0,0,0,0,0,1,1,330.6099,2,5091,3888,2443,2063,3561,3998
-77.878,38.447,51047,1,73.656,20181,33,2.16,25.1,0.02,21.58,3.21,4.46,2.88,9.17,28.33,1.94,10.18,36.04,3.3261,15,0.0394,5.5214,5.8828,6.039689387,0,0,0,0,0,0,0,0,1,381.0026,18,34262,25498,16832,12151,22628,26543
-78.246,37.469,51049,0,0,15090,34.35,1.46,20.71,0,39.2,3.46,5.94,1.96,15.12,3.87,0.87,7.77,24.46,4.2201,4,0.0134,10.3381,5.8901,5.59564129,0,0,0,0,0,0,0,0,1,298.4473,8,9017,6791,4189,3512,6183,7023
-82.295,37.106,51051,1,25.0962,12830,23.75,3.94,16.55,0,1.08,7.17,3.81,7.48,21.31,0,0.07,15.79,27.57,15.5963,0,0,5.9885,0,4.143538425,0,0,0,1,0,0,0,0,1,331.7142,16,16395,12791,5535,6742,11308,13259
-77.665,37.098,51053,1,61.2724,19170,37.41,2.35,22.45,0.32,35.14,3.73,4.9,2.64,9.29,26.89,0.49,17.25,38.87,4.6252,2,0.004,8.0512,1.0721,4.824443849,0.329489292,0,0,0,0,0,0,0,1,503.6744,21,24533,18655,11977,9105,17199,19258
-76.963,37.959,51057,1,85.9655,18069,33.09,2.52,27.33,0.18,42.4,3.2,5.72,2.96,11.22,19.46,0.47,15.19,42.55,4.7815,5,0.0194,5.3797,6.4994,5.589496945,1.758352173,0,0,0,0,0,0,0,1,257.7655,9,9989,7693,5002,3981,7052,7936
-77.266,38.804,51059,23,58.5439,36903,44.11,4.46,51.78,1.28,30.26,2.54,6.63,1.14,4.53,98.59,11.64,2.66,43.46,0.6393,543,1.3745,1.4339,7.4998,1.690563369,0.074015241,1,0,0,1,0,0,0,1,395.0447,532,969749,724019,548812,351279,653237,750436
-77.888,38.709,51061,1,75.6629,28793,39.05,3.4,37.74,0.14,11.78,2.53,5.31,1.68,5.44,27.72,1.4,7.48,31.38,2.6724,23,0.0354,6.9665,5.702,8.478568064,0,0,0,0,0,0,0,0,1,649.7002,26,55139,40337,29446,19889,36792,42007
-80.314,36.969,51063,0,0,16355,36.49,2.58,22.57,0,3.22,3.57,4.16,2.95,11.72,0,0.66,6.75,37.58,7.2896,1,0.0026,14.4124,0.9278,2.133976619,0.17232466,0,0,0,0,0,0,0,1,381.2152,13,13874,10778,6857,5803,9836,11161
-78.272,37.791,51065,0,0,20410,40.53,2.91,33.46,0.15,20.45,2.87,5.24,2.08,5.88,29.73,0.55,16.22,31.3,3.5514,3,0.0104,10.2277,1.9612,3.464731647,0.135703623,0,0,0,0,0,0,0,1,287.3701,10,20047,15297,10134,7369,14125,15856
-79.954,37.048,51067,2,64.3526,19617,34.77,4.18,27.66,0.08,11.07,3.83,5.12,2.05,9.7,9.02,0.31,15.09,39.71,3.9962,13,0.0188,6.1948,3.5263,4.692670754,0.158277936,0,0,0,0,0,0,0,1,692.0837,30,47286,36866,23900,18954,33037,37923
-78.305,39.159,51069,1,30.8348,21118,36.82,2.69,28.43,0.11,5.1,2.49,5.47,1.8,6.39,50.73,1.06,2.7,31.19,2.9431,11,0.0265,4.6811,2.5244,3.442419792,0.045199783,0,0,0,0,0,0,1,1,414.6261,39,59209,43574,31787,22124,39271,45387
-80.747,37.331,51071,1,46.999,18406,29.75,2.49,24.97,0.04,2.82,5.4,4.26,3.48,9.55,16.99,0.25,8.52,56.68,4.819,1,0.0028,5.1083,0.7686,4.381245196,0.143061516,0,0,0,0,0,0,1,1,357.3286,15,16657,13010,7794,6990,11856,13406
-76.557,37.474,51073,2,75.4902,19989,38.22,3.82,33.5,1.39,13.21,3.86,7.88,2.24,7.69,27.98,0.17,15.27,40.62,2.8237,10,0.0462,3.287,3.8974,2.260503547,0.152288129,0,0,0,0,0,0,0,1,216.6117,20,34780,25658,17879,13133,23273,26749
-77.89,37.694,51075,1,36.328,29136,41.48,2.03,35.87,0,27.04,1.71,6.09,1.94,6.87,5.29,0.67,15.83,42.5,3.5076,12,0.0422,5.7505,9.0341,1.882104946,0,0,0,0,0,0,0,0,1,284.4283,14,16863,13283,8650,6178,12248,13717
-81.226,36.674,51077,0,0,16751,31.65,2.04,19.29,0,8.92,3.55,4.15,3.5,13.62,0.58,0.71,15.82,42.87,10.0415,0,0,12.5656,0,4.297795647,0.275444154,0,0,0,0,0,1,0,1,442.6385,17,17917,14426,8190,7261,13086,14819
-78.453,38.334,51079,1,73.3782,19470,40.82,2.33,29,0.03,8.53,2.69,6.54,1.9,6.56,0,0.41,4.95,19.15,4.3879,2,0.0128,4.4869,1.8003,11.34215501,0,0,0,0,0,0,0,0,1,156.5795,8,15244,11109,8313,5578,10120,11493
-77.502,36.718,51081,0,0,14643,21.19,1.51,17.05,0.04,61.19,4.4,7.97,3.17,14.7,34.2,0.1,7.37,19.52,4.8396,0,0,5.7827,0,6.974532389,0,0,0,0,0,0,0,0,1,295.4405,5,11560,9463,3976,3377,8610,9736
-78.766,36.822,51083,1,39.6118,16368,26.63,2.67,20.98,0.02,39.62,7.36,4.22,3.75,15.7,23.72,0.37,26.13,50.56,6.0257,8,0.0098,6.2682,2.7927,2.757802136,0,0,0,0,0,0,0,0,1,819.2959,32,37355,28646,16283,14997,26073,29648
-77.381,37.751,51085,2,55.9588,25171,40.6,4.19,38.08,0.08,11.7,2.22,5.38,1.06,3.64,56.58,0.6,14.7,47.73,2.0278,33,0.0698,3.9756,5.2442,3.670920273,0.128604958,0,0,0,0,0,0,0,1,472.6789,56,86320,62927,46256,31103,56892,65561
-77.415,37.517,51087,12,99.7672,26409,36.89,3.78,42.52,0.08,31.2,2.91,6.13,1.59,6.17,94.37,3.42,13.07,46.33,1.0112,165,0.6931,1.5202,8.3475,4.10292213,0.259088932,0,0,0,0,0,0,0,1,238.0601,158,262300,197664,143197,108071,177191,204487
-79.943,36.689,51089,2,46.6842,17115,32.24,3.35,22.52,0.07,25.52,5.37,4.37,3.1,11.65,35.46,2.05,16.6,37.45,4.351,5,0.0131,4.0942,1.1109,3.910329045,0.167042512,0,0,0,0,0,0,0,1,382.3516,40,57930,45009,28404,23946,40518,46420
-79.568,38.361,51091,1,56.2524,16042,25.87,1.38,26.3,0.2,0.67,6.73,5.32,2.41,12.56,0,0,0,56.62,18.4332,0,0,4.8021,0,3.938946332,0,0,0,0,0,0,0,1,1,415.8566,3,2536,2031,1203,1122,1929,2101
-76.773,36.896,51093,1,60.8108,20273,35.63,2.99,30.92,0.54,28.68,4.07,5.39,3.8,8.29,34.02,0.34,10.78,31.41,3.8893,7,0.0222,5.1522,3.1554,4.913451136,0,0,0,0,0,0,0,0,1,315.8666,21,29728,22184,14851,11307,20121,23081
-76.76,37.329,51095,1,62.5728,29184,29.67,3.01,48.41,0.68,18.07,3.5,14.78,1.76,6.39,70.84,1.26,6.5,38.53,1.2136,30,0.2099,3.975,8.1272,5.06596592,0,0,0,0,0,0,0,0,1,142.9219,25,48102,36913,23128,19049,34042,38248
-76.94,37.738,51097,0,0,17259,35.04,1.67,21.81,0.2,38.22,4.1,6.32,3.58,10.86,0,0,21.01,36.23,7.8753,1,0.0032,7.608,1.9539,6.057053537,0.373134328,0,0,0,0,0,0,0,1,316.2642,5,6630,5118,3149,2680,4663,5316
-77.197,38.232,51099,1,28.6481,21544,34.89,3.49,30.88,3.14,22.2,3.96,4.13,2.59,5.63,0,0.49,24.21,46.37,3.5918,5,0.0278,5.7875,4.1173,8.646245059,0.164149705,0,0,0,0,0,0,0,1,179.9984,11,16803,12144,8723,6092,10803,12632
-77.073,37.69,51101,2,153.7173,21919,40.51,2.03,27.88,0.11,26.24,3.12,5.04,2.03,5.47,19.37,0.51,19.07,43.88,8.1751,2,0.0073,4.0705,2.0566,5.552699229,0.4097521,0,0,0,0,0,0,0,1,275.4328,8,13146,9725,6925,4881,8960,10096
-76.455,37.766,51103,1,165.0829,24604,21.16,1.47,35.54,0,29.76,6.43,7.84,2.93,12.51,0,0.32,16.61,55.18,2.1683,11,0.0826,4.7788,11.7484,4.378938374,0,0,0,0,0,0,0,0,1,133.1433,12,11567,9363,4682,5012,8841,9616
-83.146,36.723,51105,0,0,13638,24.07,3.21,19.91,0.04,2.03,7.95,3.98,8.65,23.92,0.46,0.3,40.75,66.95,22.2556,0,0,21.5013,0,7.177295639,0,0,0,0,0,1,0,1,1,437.1348,24,23589,18252,9068,9744,16314,18905
-77.637,39.114,51107,7,79.7013,33519,41.61,3.27,48.37,0.29,17.48,2.01,5.56,0.77,2.75,84.31,5.2,2.46,42.37,1.1399,95,0.1827,2.1151,7.9723,6.864546881,0.01668864,0,0,0,1,0,0,1,1,519.8513,67,169599,119163,95686,59921,109567,123421
-77.954,38.018,51109,1,48.0927,19437,38.39,2.3,25.45,0.02,23.78,3.44,4.19,2.25,10.17,0,0.24,14.03,36.24,5.3409,3,0.006,7.3326,1.5478,3.302032814,0,0,0,0,0,0,0,0,1,497.1385,17,25627,19382,12643,9975,17697,19953
-78.236,36.942,51111,2,55.9628,14899,25.99,1.69,22.48,0.03,41.17,5.2,4.39,4.38,19.95,0,0.78,12.06,35.02,11.8048,0,0,4.2961,0,2.517672122,0,0,0,0,0,0,0,0,1,431.7028,9,13146,10327,5426,4996,9305,10652
-78.275,38.382,51113,1,48.1341,18648,35.15,2.3,26.77,0.09,12.5,3.18,3.05,1.35,9.56,0,0.69,9.67,36.81,5.2658,2,0.0062,5.4643,2.0964,3.5639413,0,0,0,0,0,0,0,0,1,321.4214,6,12520,9540,6384,4744,8644,9875
-76.357,37.428,51115,1,79.0608,23620,31.78,2.13,35.34,0.67,13.31,3.16,5.63,1.53,6.02,0,0.22,13.32,62.15,7.3364,0,0,3.3503,0,3.6600244,0,0,0,0,0,0,0,0,1,85.6844,4,9207,7377,4242,3934,6926,7569
-78.413,36.74,51117,3,108.7982,17191,25.47,2.84,23.91,0.03,40.74,6.61,5.26,3.65,15.49,21.64,0.77,19.74,41.82,3.0308,12,0.0192,4.8757,4.7237,10.31333648,0,0,0,0,0,0,0,0,1,623.9335,30,32380,25404,14516,12901,22981,26267
-76.597,37.623,51119,1,68.7811,22728,29.46,2.55,32.78,0.13,22.01,3.91,6.68,2.99,13.03,0,0.99,17.7,45.09,5.1026,1,0.0077,5.6763,1.2475,3.118762475,0,0,0,0,0,0,0,0,1,130.2983,10,9932,8016,4475,4254,7436,8216
-80.474,37.115,51121,2,61.1529,17050,25.6,26.87,30.43,0.14,9.78,5.41,9.78,2.39,23.24,69.23,4.08,5.38,30.97,1.5665,48,0.1236,2.7245,6.9392,6.433238883,0.096605912,0,0,0,0,0,0,0,1,388.2187,52,83629,69172,41747,31054,43106,70742
-78.884,37.763,51125,2,68.1397,22235,35.74,2.24,30.55,0.19,17.01,4.77,8.5,2.28,12.14,0,0.55,25.71,50.29,11.7331,0,0,5.6017,0,2.555516391,0,0,0,0,0,0,0,0,1,472.3547,11,14445,11348,7143,5887,10403,11783
-76.982,37.505,51127,0,0,22918,43.9,2.09,31.64,0.42,20.11,3.8,6.29,1.89,4.94,0,0.07,10.41,27.01,2.9181,6,0.0286,10.6745,5.9371,6.530773798,0.203541624,0,0,0,0,0,0,0,1,209.5462,10,13462,10106,7282,4913,9285,10461
-75.879,37.432,51131,2,105.5313,16619,21.84,3.22,26.63,0.11,46.82,6.97,7.44,5.36,20.52,0,1.92,7.64,30.43,2.8734,9,0.0434,4.4516,8.9802,4.0909998,0,0,0,0,0,0,0,0,1,207.3743,13,13093,10022,5581,5319,9133,10412
-76.46,37.87,51133,1,59.1166,22880,26.58,1.44,34.78,0,27.94,3.95,5.48,2.94,12.29,0,0.46,18.18,43.34,3.3434,5,0.026,7.433,5.012,4.410585405,0.548546352,0,0,0,0,0,0,0,1,192.302,12,12259,9976,5095,5469,9476,10238
-78.04,37.076,51135,2,87.7342,15546,22.56,1.2,22.48,0.24,42.87,5.9,5.46,6.19,20.07,46.21,0.92,9.76,31.62,6.8945,2,0.0064,2.9957,1.6515,6.853839802,0,0,0,0,0,0,0,0,1,314.6523,16,15725,12110,6387,5670,10841,12518
-78.01,38.278,51137,2,59.9225,21165,33.86,2.07,28.99,0.03,15.98,2.88,6.61,2.72,9.15,32.13,0.52,15.95,39.52,3.1697,8,0.0234,7.2401,4.0134,3.411428285,0,0,0,0,0,0,0,0,1,341.7038,11,25881,19933,12485,10142,18202,20562
-78.464,38.623,51139,1,35.3248,16357,29.08,1.31,17.39,0.02,4.02,3.91,8.83,2.61,12.46,20.81,0.56,5.67,37.31,4.0189,9,0.0289,5.1074,5.0369,4.085516006,0.21475357,0,0,0,0,0,0,0,1,311.1251,22,23177,17868,11516,9313,16085,18497
-80.338,36.707,51141,1,27.8743,15595,31.45,2.33,19.82,0,8.95,3.99,3.4,4.66,13.41,0,0.91,15.58,44.29,11.8151,0,0,7.2801,0,4.611026942,0.12318305,0,0,0,0,0,0,0,1,483.1431,17,19407,15181,9399,8118,13815,15657
-79.372,36.893,51143,1,12.211,17015,35.79,2.66,22.4,0.06,24.98,4.26,3.79,2.74,11.75,10.38,0.59,18.79,46.97,5.7451,3,0.0031,6.5566,0.6312,1.704330261,0,0,0,0,0,0,0,0,1,970.76,41,61745,47526,30949,24666,43120,49255
-77.924,37.532,51145,1,45.8244,24054,39.19,3.06,32.14,0,18.64,1.8,3.48,0.98,5.68,10.2,0.5,11.74,28.93,2.9539,4,0.0153,4.9241,2.3493,2.819217667,0,0,0,0,0,0,0,0,1,261.278,12,22377,17026,10839,7253,15411,17611
-78.439,37.271,51147,1,103.8798,14491,21.78,18.78,23.36,0.08,37.75,13.25,7.91,3.73,18.88,28.66,0.33,11.64,34.5,5.3195,8,0.0227,5.447,5.0881,3.943267824,0.304692261,0,0,0,0,0,0,0,1,352.7632,13,19720,15723,8865,6564,11089,16218
-77.224,37.249,51149,1,53.7842,20235,29.62,4.24,30.59,11.74,39.42,3.15,5.95,2.56,7.98,40.34,1.52,6.47,18.89,3.0227,5,0.0188,4.2889,2.0225,3.316883747,0.294521893,0,0,0,0,0,0,0,1,265.6165,16,33047,24722,16951,10186,20272,25735
-77.475,38.755,51153,7,67.6239,25673,44.15,4.58,38.92,2.87,31.25,2.84,5.73,1.64,4.39,90.77,4.81,2.84,29.27,0.9468,127,0.376,2.0165,6.5001,5.763098766,0.084511208,0,0,0,0,0,0,0,1,337.7835,143,280813,195381,157254,94662,171058,204002
-80.63,37.099,51155,1,32.0014,19043,29.65,3.05,29.14,0.03,7.52,5.47,4.76,3.83,13.09,49.16,0.27,6.78,43.8,9.8395,0,0,3.5263,0,3.113926769,0,0,0,0,0,0,0,0,1,320.5661,32,35127,27939,17389,14626,25362,28671
-78.178,38.711,51157,0,0,23871,35.6,2.58,33.27,0,6.97,2.21,8.44,2.32,7.62,0,0.52,21.25,46.96,3.4115,5,0.0188,13.1607,9.2456,4.25295858,0.357653791,0,0,0,0,0,0,0,1,266.5726,5,6983,5408,3672,2796,5059,5569
-76.737,37.961,51159,1,62.3431,16687,24.12,3.07,21.35,0.24,35.25,4.98,5.01,3.15,15.44,16.06,0.85,22.18,46.68,5.4878,1,0.0052,4.8969,1.3904,1.390433815,0,0,0,0,0,0,0,0,1,191.4579,6,8809,7192,3391,2922,6552,7400
-80.029,37.243,51161,3,59.9023,24643,34.63,3.88,41.05,0.05,5.88,2.12,5.86,1.06,4.46,78.02,1.33,25.05,61.72,1.2885,27,0.1076,2.2257,4.0731,4.012732128,0.230321875,0,0,0,0,0,0,0,1,250.8656,56,85778,66289,45040,34734,60771,68544
-79.421,37.759,51163,0,0,18352,31.17,2.84,27.01,0.12,4.6,3.64,9.26,2.88,9.59,3.67,0.49,6.38,41.82,3.9128,7,0.0117,8.2427,4.3181,6.847202517,0.355155677,0,0,0,0,0,0,0,1,599.6268,18,20808,16211,10524,8447,14556,16794
-78.808,38.48,51165,1,5.659,18802,33.36,3.73,24.68,0.03,3.28,3.35,5.33,1.81,8.17,32.85,1.95,2.37,54.57,6.0666,2,0.0023,7.2386,0.3919,5.624142661,0.828337015,0,0,0,0,0,0,1,1,851.1502,46,67725,51030,35873,25352,45123,52819
-82.089,36.953,51167,0,0,14860,25.85,2.97,21.24,0.05,4.24,6.93,3.65,5.81,16.35,11.02,0.14,15.34,29.94,12.1837,0,0,10.0874,0,3.644436997,0.084990651,0,0,0,0,0,0,0,1,474.6583,29,30308,23872,11695,11766,21362,24782
-82.67,36.744,51169,1,33.9285,15106,30.31,2.33,20.25,0,1.74,5.91,5.27,4.5,16.76,18.75,0.11,20.63,38.77,14.6413,0,0,6.9326,0,4.847048686,0.101512537,0,0,0,0,0,1,0,1,536.5802,20,23403,18568,9827,9851,16846,19082
-78.492,38.937,51171,3,54.8435,19757,32.28,1.86,26.21,0.14,5.38,2.71,6.83,2.31,8.21,23.75,1.39,1.9,53.74,2.3672,15,0.0293,3.6709,5.5094,7.713215309,0.140016802,0,0,0,0,0,0,1,1,512.2048,25,35075,27226,18252,14284,24926,28092
-81.558,36.852,51173,1,38.5842,16074,28.53,2.7,23.3,0,3.27,4.65,5.19,2.74,13.33,29.63,0.19,9.68,38.64,6.1252,5,0.0111,6.7271,1.9283,6.016429481,0.814995925,0,0,0,0,0,0,0,1,452.0873,29,33081,25929,15640,13497,23255,26793
-77.028,36.708,51175,1,25.804,16927,28.5,2.92,25.35,0.23,44.25,4.68,4.36,2.98,14.59,1.64,0.06,22.83,43.68,7.7211,1,0.0017,7.3907,0.7413,8.969607116,0.476266074,0,0,0,0,0,0,0,1,599.5554,10,17482,13490,7500,6299,12070,13983
-77.64,38.222,51177,5,134.1191,22536,40.03,3.44,32.71,0.66,17.11,3.14,6.71,1.29,4.74,65.19,0.89,11.65,38.69,2.3616,31,0.0773,4.0728,4.8928,5.42937862,0.57583416,0,0,0,0,0,0,0,1,400.8617,34,90395,63359,47747,31259,56633,66138
-77.477,38.366,51179,2,49.2068,24760,41.44,4.03,36.76,3.72,18,2.75,5.71,1.61,3.46,73.39,1.11,9.58,31.49,1.7158,37,0.1369,2.9574,5.8468,9.655041638,0.066365808,0,0,0,0,0,0,0,1,270.3509,49,92446,63283,50424,30136,56029,66359
-76.939,37.114,51181,0,0,16697,36.24,3.06,25.04,0.03,53.14,5.3,8.23,4.3,10.78,0,0.09,9.65,21.77,7.2743,0,0,10.0398,0,5.876591577,3.457548982,0,0,0,0,0,0,0,1,279.089,5,6829,5105,3376,2603,4569,5289
-77.229,36.983,51183,1,55.0574,14649,23.05,2.93,17.37,0.03,63.37,5.28,5.88,3.86,16.08,0,0.5,15.36,35.25,10.9487,1,0.002,7.2012,0.9958,4.979087831,0,0,0,0,0,0,0,0,1,490.7295,12,12504,10042,4505,4124,8899,10317
-81.554,37.137,51185,3,43.9316,15263,24.16,3.86,24.57,0,3.6,9.06,5.09,4.96,15.3,41.73,0.37,7.18,38.75,3.0645,9,0.0173,4.0315,2.5701,4.683305728,0.766577233,0,0,0,0,0,0,1,1,519.7428,39,44598,35018,19346,18263,31291,36235
-78.204,38.905,51187,1,75.0881,19947,35.37,2.83,25.28,0.04,8.11,3.43,5.77,1.53,8.52,43.95,0.63,8.56,35.14,2.352,18,0.0842,3.6255,7.6586,9.913628047,2.556701031,0,0,0,0,0,0,0,1,213.698,26,31584,23503,16257,12125,21127,24361
-81.985,36.716,51191,1,48.4001,18354,31.29,4.43,28.91,0.02,2.79,4.18,6.82,2.74,10.93,30.33,0.4,14.95,42.85,4.6717,10,0.0178,6.4839,2.4676,3.676742751,0.475488565,0,0,0,0,0,1,0,1,562.8605,27,51103,40525,24849,21031,35958,41848
-76.849,38.092,51193,2,47.3534,19444,29.9,2.05,25.34,0.22,34.76,4.11,7.49,5.08,14.67,25.72,1,11.01,34.96,2.3911,9,0.0393,4.4286,6.9952,5.518420644,0,0,0,0,0,0,0,0,1,229.1807,16,16718,12866,7472,6865,11808,13301
-82.58,36.964,51195,2,29.9073,14278,23.57,4.77,21.75,0,3.05,7.16,6.38,6.31,19.99,38.06,0.2,15.15,33.58,4.1741,5,0.0124,4.3647,1.6186,7.380790522,0.62316944,0,0,1,0,0,0,0,1,404.0423,25,40123,30891,16063,16047,26731,32114
-81.104,36.925,51197,1,41.1505,17656,30.35,3.17,26.72,0.12,4.55,4.33,9.14,3.92,11.05,24.15,0.26,3.57,46.45,5.8549,8,0.0173,6.5585,3.7028,6.757694978,0.347312668,0,0,0,0,0,0,0,1,463.2425,25,27599,21605,13856,11517,19528,22381
-76.581,37.239,51199,2,62.7019,24561,37.5,3.97,45.32,6.22,19.84,2.48,8.73,0.9,3.5,90.51,1.44,5.88,28.17,1.2374,26,0.2461,2.0673,6.5174,5.264081418,0.251079642,0,0,0,0,0,0,0,1,105.6496,29,56297,39893,29669,19914,36168,41855
-77.085,38.823,51510,5,74.6194,37766,48.79,4.68,55.36,1.45,40.15,3.09,6.97,1.43,8.92,100,14.76,3.93,49.58,0.2625,132,8.6969,0.8813,12.3652,3.466009686,0.096824167,1,0,0,1,0,0,0,1,15.1778,99,128283,106751,80949,61968,95730,108764
-79.522,37.33,51515,1,156.3466,15646,17.84,2.83,27.48,0.37,24.99,13.16,6.88,6.11,19.68,100,0.37,18.32,55.04,0.5688,5,0.7259,1.6622,10.1215,8.097165992,0.793650794,0,0,0,0,0,0,0,1,6.888,5,6299,4940,2865,2520,4494,5070
-82.183,36.605,51520,1,136.0909,17256,19.76,4.4,30.71,0.03,7.35,6.49,6.42,5.65,16.24,99.17,0.71,21.25,63.22,0.6441,14,1.0854,2.3797,10.101,1.659451659,0,0,0,0,0,0,1,0,1,12.8989,12,17367,13860,7684,7714,12366,14279
-79.365,37.721,51530,0,0,16360,25.23,6.24,23.42,0,6.84,3.9,6.45,1.85,10.38,96.98,0.16,7.86,38.19,0.5142,2,0.2928,5.8067,4.056,11.15392415,0,0,0,0,0,0,0,0,1,6.8307,6,6349,4931,3178,2542,4250,5099
-78.494,38.036,51540,2,126.644,17046,19.1,28.52,30.16,0.08,29.91,4.29,11.49,2.41,25.94,100,4.02,13.2,55.94,0.3224,67,6.5287,0.9358,17.5328,5.18134715,0.059308463,0,0,0,0,0,0,0,1,10.2623,37,45049,38214,21919,16861,22868,38906
-76.262,36.756,51550,6,65.3931,20945,37.48,4.34,36.15,3.1,33.25,3.82,5.3,2.21,7.32,90.05,0.88,7.55,29.23,1.0587,86,0.2524,2.0014,6.0616,4.60261073,0.15751414,0,0,0,0,0,0,0,1,340.7187,104,199184,141876,102470,69835,125498,148512
-79.82,37.82,51560,0,0,15255,19.82,2.31,28,0.12,17.72,7.31,8.84,6.31,19.42,100,0,0,31.1,3.5779,0,0,0.4186,0,0,0,0,0,0,0,0,0,0,1,3.0912,4,4289,3389,1832,1838,3110,3510
-77.407,37.265,51570,1,119.1937,23679,31.32,3.58,34.02,0.57,10.35,2.27,6.99,1.89,5.52,100,1.76,31.12,71.56,0.7213,11,1.4714,1.0928,8.4053,15.66439979,0,0,0,0,0,0,0,0,1,7.4756,11,16897,13087,8496,7037,11675,13537
-79.99,37.776,51580,1,127.7715,16809,16.83,2.28,22.47,0,15.1,4.77,7.21,3.6,12.89,100,1.43,2.36,77.71,0.8458,1,0.1763,1.1147,2.0153,9.471987102,0,0,0,0,0,0,0,0,1,5.6716,8,6303,4962,2831,2835,4485,5088
-79.4,36.591,51590,4,102.697,17189,21.03,3.19,25.91,0.06,46.24,10.05,7.69,5.26,19.96,93.7,0.75,18.47,47.1,0.8926,22,0.5109,1.2567,5.9234,7.431140788,0.194099379,0,0,0,0,0,0,0,1,43.061,39,48411,37141,21895,20608,33196,38388
-77.539,36.69,51595,1,297.7049,15380,16.68,1.64,19.77,0.16,57.37,6.75,6,2.34,15.99,92.25,2.26,30.27,56.82,0.4327,5,0.7254,1.0192,11.8175,11.34483574,0.450045005,0,0,0,0,0,0,0,1,6.8929,7,5665,4231,2416,2222,3775,4353
-77.298,38.848,51600,2,265.1731,31249,42.75,5.36,48.91,0.69,26.77,2.34,8.79,1.92,5.73,100,13.36,1.14,99,0.3054,31,4.9127,1.1906,18.039,7.448356125,0.499188818,0,0,0,0,0,0,0,1,6.3101,17,21498,17185,12361,8013,15222,17690
-77.174,38.877,51610,1,161.0468,41014,44.11,3.8,59.92,0.38,14.47,2.9,5.85,1.34,4.2,100,6.7,29.57,99,0.3119,11,5.5395,0.6674,13.8661,0.252111433,0.223613596,0,0,0,0,0,0,0,1,1.9857,8,10377,7933,6072,4472,7464,8262
-76.93,36.674,51620,1,215.4897,18649,17.04,3.63,29.36,0.16,54.19,7,4.41,3.98,19.84,98.12,0.41,12.71,45.24,0.9039,4,0.4789,0.9173,6.3857,5.108556833,0.58910162,0,0,0,0,0,0,0,1,8.3527,7,8346,6264,3670,3395,5642,6565
-77.462,38.283,51630,1,92.4043,21569,26.82,16.76,30.63,0.54,26.62,9.49,9.97,3.35,15.49,99.59,2.54,21.89,99,0.4001,61,5.7997,0.7659,38.4276,6.551593801,0.494682167,0,0,0,0,0,0,0,1,10.5177,14,19279,15874,10906,8086,11211,16157
-80.915,36.655,51640,0,0,17520,15.9,2.85,22.22,0,13.75,2.66,3.64,5.85,18.61,90.74,5.16,27.28,87.52,0.5634,7,0.8507,11.9636,13.3232,16.36848116,0.680735194,0,0,0,0,0,0,0,1,8.2283,8,6837,5254,3156,2938,4782,5421
-76.397,37.046,51650,5,59.0555,19778,30.19,7.46,36.32,4.58,50.58,5.96,6.53,2.92,11.3,99.8,1.13,10.69,36.13,0.7436,54,1.0428,1.3559,4.8636,0.927677204,0.074137228,0,0,0,0,0,0,0,1,51.7813,91,146437,111030,71790,53954,92477,115091
-78.873,38.427,51660,2,119.1058,14893,16.96,35.37,22.96,0.14,14.68,9.27,13.77,3.2,30.11,99.85,6.55,1.53,32.4,0.4932,36,2.05,0.9942,10.4843,8.358330664,0.608087565,0,0,0,0,0,0,0,1,17.5613,26,40468,34337,20819,13156,17448,35052
-77.297,37.293,51670,1,46.5909,16324,27.22,3.26,22.99,0.42,37.32,6.62,6.66,6.1,14.88,100,0.63,21.69,54.61,0.5195,17,1.6596,1.2818,10.3925,1.039246852,0.220921242,0,0,0,0,0,0,0,1,10.2433,17,22354,16358,10142,9053,14323,16905
-79.451,37.78,51678,1,256.571,16494,5.49,38.58,28.63,0.42,13.32,9.81,10.27,1.8,21.57,100,1.53,10.97,52.24,0.3332,9,3.6091,0.5492,14.6461,9.926769731,0,0,0,0,0,0,0,0,1,2.4937,6,6867,6145,2375,2223,3285,6202
-79.187,37.404,51680,3,72.5079,18302,22.31,10.7,31.47,0.05,33.47,6.67,7.93,3.9,15.88,96.98,1.67,10.92,51.61,0.6753,58,1.1743,1.5158,11.4234,4.4905757,0.353426271,0,0,0,0,0,0,0,1,49.3909,50,65269,50773,31280,25465,40806,52279
-77.489,38.742,51683,1,96.6918,24569,36.23,4.28,34.58,0.48,28.18,3.71,7.13,1.34,6.3,99.94,7.52,4.31,97.49,0.482,38,3.8254,1.1716,15.379,12.42462261,0,0,0,0,0,0,0,0,1,9.9336,25,35135,24709,19118,11785,21188,25719
-77.454,38.778,51685,0,0,20998,42.47,3.32,29.61,0.33,27.36,2.2,4.8,2.09,5.17,100,9.28,0.81,13.28,0.5372,2,0.8025,1.5986,2.8121,16.16985377,0.307408546,0,0,0,0,0,0,0,1,2.4921,7,10290,7112,5672,3253,6224,7348
-79.871,36.684,51690,1,145.9061,17316,18.83,3.67,27.58,0.11,43.93,8.67,5.97,5.84,19.19,100,1.98,23.52,76.94,0.6525,10,0.9128,1.3294,8.3794,10.13909837,0.153704273,0,0,0,0,0,0,0,1,10.9557,18,15416,11934,6682,6506,10843,12351
-76.497,37.087,51700,6,69.9353,17855,33.38,5.16,33.25,5.42,46.32,4.97,8.41,3.85,13.78,99.97,1.7,9.58,34.49,0.7185,85,1.2446,1.458,6.5017,2.34061269,2.666666667,0,0,0,0,0,0,0,1,68.2942,112,180150,130735,92586,69750,110083,135532
-76.226,36.877,51710,6,70.4986,17416,31.61,6.8,28.17,11.61,51.79,7,7.58,4.59,19.4,100,2.13,11.37,36.08,0.598,168,3.1269,1.4446,9.4319,3.329253641,2.634082945,0,0,0,0,0,0,0,1,53.7281,188,234403,178118,123360,86178,135258,183922
-82.61,36.938,51720,1,271.9157,16013,15.11,4.18,27.07,0,9.84,7.27,11.47,5.95,22.76,91.47,0.59,14.96,31.92,2.8892,0,0,1.0752,0,16.73777486,5.202312139,0,0,0,0,0,0,0,1,7.5296,4,3904,3047,1569,1730,2665,3164
-77.408,37.196,51730,2,115.606,16054,26.57,3.25,25.31,1.04,81.59,8.73,7.38,4.86,19.61,97.45,0.5,11.54,33.94,0.9172,13,0.5682,1.2735,5.1278,3.865572736,0.144980065,0,0,0,0,0,0,0,1,22.8808,31,33740,25352,14814,13795,22289,26200
-76.372,37.144,51735,0,0,25287,35.2,3.46,41.23,1.52,4.28,3.08,6.53,0.48,4.48,95.77,0.54,8.86,49.14,1.7157,3,0.1933,4.5172,3.5474,4.375073903,0.240038406,0,0,0,0,0,0,0,1,15.5162,10,11566,8457,5908,4166,7759,8838
-76.367,36.844,51740,4,88.152,16572,31.5,4.51,28.98,4.42,54.16,6.96,5.97,4.63,16.16,100,0.48,14.59,38.61,0.7369,33,0.9952,1.3045,4.4145,3.090135645,2.54346173,0,0,0,0,0,0,0,1,33.1604,78,100565,74754,48163,38137,63685,77524
-80.564,37.129,51750,1,105.7354,14322,19.02,41.3,27.2,0.11,11.12,6.37,13.29,1.69,31.35,97.38,1.51,3.31,19.11,0.8732,2,0.2037,1.1293,1.4476,7.382744644,0.516884907,0,0,0,0,0,0,0,1,9.8184,10,15859,13816,7676,5804,6766,13998
-77.485,37.546,51760,13,106.739,20359,31.34,7.7,33.54,0.16,61.47,8.02,9.12,4.72,21.36,100,2.14,17.13,53.14,0.523,227,3.7789,0.9733,14.6885,2.937693716,0.390227751,0,0,0,0,0,0,0,1,60.0703,163,197790,154543,99009,84566,128555,158612
-79.956,37.264,51770,4,100.7587,18447,28.45,3.16,31.54,0.08,30.93,5.76,8.81,4.3,15.95,100,1.92,13.41,48.04,0.494,76,1.7722,1.2157,10.3434,1.619554418,0,0,0,0,0,0,0,0,1,42.8845,82,94911,73477,47258,42026,65593,75372
-80.072,37.283,51775,1,85.2748,20100,27.04,8.32,33.53,0.15,8.15,3.83,6.51,1.73,6.71,100,0.66,21.21,58.42,0.5813,16,1.0968,1.6879,8.1595,8.465500535,0.201349039,0,0,0,0,0,0,0,1,14.5884,21,24747,19609,12909,9933,16657,20185
-79.071,38.154,51790,2,123.3365,19225,25.41,5.42,31.15,0.05,15.86,3.88,8.76,2.17,11.72,99.13,0.42,9.79,47.43,0.8747,15,0.7611,1.2633,7.8489,6.488409816,0.619770685,0,0,0,0,0,0,0,1,19.7081,23,23853,19111,11568,9681,16703,19711
-76.625,36.754,51800,3,66.3206,18933,34.26,4.17,30.89,2.22,46.33,4.66,5.13,3.51,13.22,72.51,0.61,11.22,35.94,2.1783,17,0.0425,3.2051,3.6957,2.869627601,1.159295835,0,0,0,0,0,0,0,1,400.0205,30,63677,45999,30345,23290,41662,47731
-76.099,36.737,51810,13,72.1216,22367,39.14,4.91,40.45,7.31,28.5,3.52,7.43,1.57,6.52,98.63,2.11,3.71,34.43,0.6116,380,1.5305,1.4389,12.3112,7.61348137,0.206938921,0,0,0,0,0,0,0,1,248.292,287,425257,308663,234257,154635,266627,321282
-78.884,38.068,51820,0,0,18060,22.75,1.88,30.01,0.31,13.27,6.5,7.8,4.53,12.83,97.7,1.26,13.2,58.6,0.673,11,0.7161,2.1891,7.3964,7.329209252,1.081990863,0,0,0,0,0,0,0,1,15.3604,18,19520,14872,9313,8318,13303,15293
-76.701,37.275,51830,2,267.8417,18562,14.79,40.42,30.74,0.39,20.85,41.41,13.01,2.02,18.27,100,2.33,10.89,64.26,0.3102,43,5.0322,0.8139,39.7817,9.436580627,0,0,0,0,0,0,0,0,1,8.545,9,11998,10809,7392,3616,5360,10951
-78.171,39.172,51840,2,152.5152,20536,23.61,6.11,31.61,0.19,18.22,4.58,8.26,2.08,13.18,100,4.83,2.84,65.4,0.3435,33,3.5353,1.2098,17.891,16.26457034,1.100660396,0,0,0,0,0,0,0,1,9.3345,24,23585,18445,12777,9994,15316,19052
