"","y","x1","id","period","post","treat"
"1",2.87530627198927,0.53653767792845,1,1,0,1
"2",1.86065272247541,-3.04318942072412,1,2,0,1
"3",0.0941652410110443,5.57684387197523,1,3,0,1
"4",3.78147485173024,-2.83005866128121,1,4,0,1
"5",-2.55819958872084,-5.04435440472598,1,5,0,1
"6",1.72873239808121,-0.636384852825486,1,6,1,1
"7",6.2842362903016,-2.12988365009913,1,7,1,1
"8",4.76688777980834,3.49185577275002,1,8,1,1
"9",5.34753391543637,0.837986145142929,1,9,1,1
"10",4.95146934010457,0.633889036054733,1,10,1,1
"11",-4.25798295343388,-5.26462513679268,2,1,0,1
"12",0.606110673336697,-3.70483484669068,2,2,0,1
"13",5.61637037537262,-0.217425090173667,2,3,0,1
"14",-6.16941931407346,-2.02699418616081,2,4,0,1
"15",0.711868746807948,0.0114000146888477,2,5,0,1
"16",-0.336991226062583,-3.49286677282779,2,6,1,1
"17",6.841531353957,-0.79791698313459,2,7,1,1
"18",8.56171921863645,-1.20543533299595,2,8,1,1
"19",11.5181303595031,-5.75415681898607,2,9,1,1
"20",13.1336338796315,1.75042070106438,2,10,1,1
"21",-2.62200324042106,-0.660952017514124,3,1,0,1
"22",-11.3566246730323,-1.33731101837086,3,2,0,1
"23",3.12563423469904,5.02067782875403,3,3,0,1
"24",-6.73352997328987,-4.44139255488388,3,4,0,1
"25",1.0320532778183,1.53641790064163,3,5,0,1
"26",-2.99275313053212,2.49021058415734,3,6,1,1
"27",-1.65895913199966,-7.41520944668171,3,7,1,1
"28",6.26235903400816,-0.968050206609737,3,8,1,1
"29",1.22594179722106,-3.56500683590476,3,9,1,1
"30",9.24776630154508,-0.730197130607096,3,10,1,1
"31",3.97673305160946,-1.86315852416164,4,1,0,1
"32",0.00980974057448752,-0.302232184599428,4,2,0,1
"33",-3.38198118676449,-2.82750907920847,4,3,0,1
"34",7.13202293545957,-0.339083003666127,4,4,0,1
"35",-4.51202451129925,2.6302328760129,4,5,0,1
"36",7.61583290199938,3.67853203455362,4,6,1,1
"37",8.8939960886191,1.99864111107247,4,7,1,1
"38",3.99144665881084,-2.22294435785415,4,8,1,1
"39",7.72056388520135,-2.86413340948518,4,9,1,1
"40",11.590347412296,3.45663254925681,4,10,1,1
"41",-5.74407836720964,-2.15188264977714,5,1,0,1
"42",9.31305106176744,5.37627546609346,5,2,0,1
"43",2.4864415683985,-1.58771496741925,5,3,0,1
"44",0.437311102556258,0.16824395636023,5,4,0,1
"45",2.65664739403559,-0.230451438249979,5,5,0,1
"46",2.14960151290422,-2.30673866764606,5,6,1,1
"47",-1.7994104330657,0.155588782498574,5,7,1,1
"48",9.2262419943201,0.745993605488195,5,8,1,1
"49",3.20948431667452,-3.65308548133564,5,9,1,1
"50",7.973781635615,3.55930041333993,5,10,1,1
"51",9.32501497054427,4.37515798914792,6,1,0,1
"52",1.28731644451189,-0.979728236751308,6,2,0,1
"53",-1.28071543916244,1.0665559719388,6,3,0,1
"54",3.58389514113205,-0.0196439198472314,6,4,0,1
"55",8.10354889918504,5.12142508864443,6,5,0,1
"56",5.43972762867802,4.10271352213223,6,6,1,1
"57",3.23363930658141,-5.30374286008458,6,7,1,1
"58",16.6870623316013,2.36603332333071,6,8,1,1
"59",10.257101507255,-0.205889864432573,6,9,1,1
"60",6.3388692570085,-0.875918413757472,6,10,1,1
"61",-2.66363122146583,-1.38358939971379,7,1,0,1
"62",9.67079725034933,5.36754483848032,7,2,0,1
"63",7.8169721345112,0.900289285775398,7,3,0,1
"64",5.36904299075171,3.57469038997436,7,4,0,1
"65",4.69559625131237,4.1638567160767,7,5,0,1
"66",5.1188651610995,0.686369630371153,7,6,1,1
"67",10.1934627199067,-1.62614472251488,7,7,1,1
"68",12.1812774733132,-2.29975767095205,7,8,1,1
"69",7.19941447210929,1.29463993606409,7,9,1,1
"70",6.96397383400889,0.794431648174242,7,10,1,1
"71",1.22187759061005,-1.27493229015254,8,1,0,1
"72",-5.67962536685635,-2.71876923023207,8,2,0,1
"73",0.517586843105434,2.04162194055269,8,3,0,1
"74",-8.35205415213259,-5.20796514522966,8,4,0,1
"75",5.19162311746977,1.72861592037331,8,5,0,1
"76",5.08496932093759,0.517084426713029,8,6,1,1
"77",-2.10344847021145,0.041567097351983,8,7,1,1
"78",4.31925716788469,-2.72926706791721,8,8,1,1
"79",-4.38945793231368,0.482789826634481,8,9,1,1
"80",9.74357796431702,3.73748896937405,8,10,1,1
"81",-5.67768883376378,4.44296534338927,9,1,0,1
"82",0.106350691899116,-0.721422376872861,9,2,0,1
"83",0.438422380907934,-0.615435162305775,9,3,0,1
"84",8.19824752218061,3.41338767851688,9,4,0,1
"85",2.88451120024275,-0.182620366170167,9,5,0,1
"86",5.88912534693404,2.51127275517212,9,6,1,1
"87",8.06546010597877,2.22586178189859,9,7,1,1
"88",3.46348816916525,-0.708475055165102,9,8,1,1
"89",3.28402595776171,1.01988434763705,9,9,1,1
"90",1.05479630222277,3.22975907108029,9,10,1,1
"91",-0.4037215659337,0.240302881217188,10,1,0,1
"92",0.401509802995104,1.4749343093434,10,2,0,1
"93",2.33212466574917,1.25192243904996,10,3,0,1
"94",-2.03348887123475,-0.149153082071026,10,4,0,1
"95",2.50934460241966,-2.61471159177304,10,5,0,1
"96",0.383817418327338,-3.36962055960921,10,6,1,1
"97",-1.11140124940908,0.220521205210919,10,7,1,1
"98",5.20091674679846,-2.08989005103526,10,8,1,1
"99",12.5361398476822,2.15736963713847,10,9,1,1
"100",4.29219156741135,0.833599937311881,10,10,1,1
"101",15.1529944509057,6.02025852803057,11,1,0,1
"102",2.84255215820787,0.50832916036622,11,2,0,1
"103",7.50773468239604,-0.101343223306767,11,3,0,1
"104",5.02127961217432,-0.139338488511135,11,4,0,1
"105",-0.425232362585823,-1.49950527938049,11,5,0,1
"106",16.6134948255945,1.77706548050235,11,6,1,1
"107",7.31706698186264,-2.3820780909947,11,7,1,1
"108",9.9287983560089,2.73859152539583,11,8,1,1
"109",6.5872138749457,6.05900441326156,11,9,1,1
"110",20.033928698068,4.78168435640998,11,10,1,1
"111",-2.19579501258539,-1.27029009926614,12,1,0,1
"112",6.28142313203594,2.6647591222837,12,2,0,1
"113",-2.80666981133785,-2.40352208496825,12,3,0,1
"114",-1.07997095924693,0.352053328288642,12,4,0,1
"115",-2.18090220247567,-0.250552632613243,12,5,0,1
"116",-4.13132889971911,0.320451868929672,12,6,1,1
"117",4.52471833441446,0.391583442859813,12,7,1,1
"118",5.56376244514102,-0.113132335853653,12,8,1,1
"119",16.11124427553,4.14559967235678,12,9,1,1
"120",5.09195745184034,-3.16284335226196,12,10,1,1
"121",2.09521692303849,-0.847302370783286,13,1,0,1
"122",4.50557427950179,-2.42786945743947,13,2,0,1
"123",-0.830052503291837,-1.4676201796804,13,3,0,1
"124",-5.80686319880273,-2.35715167666277,13,4,0,1
"125",7.71609933497374,4.41870698052088,13,5,0,1
"126",4.45618216385151,2.36899658502893,13,6,1,1
"127",7.1224463795997,-1.32531747350961,13,7,1,1
"128",12.6405329156142,1.97099349472394,13,8,1,1
"129",-6.39038257429874,-10.5839556974447,13,9,1,1
"130",2.53531706081238,-0.885645054409515,13,10,1,1
"131",4.26139717576796,-1.52874450953326,14,1,0,1
"132",-5.16743572991847,-2.1743196301375,14,2,0,1
"133",4.26862725043088,-0.268770871663704,14,3,0,1
"134",-3.55958172461522,2.93317195457405,14,4,0,1
"135",2.30501104086158,2.95118329803543,14,5,0,1
"136",-8.13901524220266,-6.72903070728064,14,6,1,1
"137",9.467384655853,3.77884830922296,14,7,1,1
"138",11.1183620050384,1.37488262953154,14,8,1,1
"139",8.77121152307526,3.17993419840544,14,9,1,1
"140",5.07329554248602,-9.59859620096182,14,10,1,1
"141",2.16482572489593,7.48782273334705,15,1,0,1
"142",0.60227228666965,-4.28774473521866,15,2,0,1
"143",-7.35240559056057,-3.57285331983576,15,3,0,1
"144",-4.4757678813766,0.532779652934925,15,4,0,1
"145",3.29581241819718,-0.585903662318205,15,5,0,1
"146",2.8530565363887,0.262171594012749,15,6,1,1
"147",10.1690767778435,-0.474374014923269,15,7,1,1
"148",1.16663198166902,2.30539203709178,15,8,1,1
"149",7.24325924692358,-1.89350604511544,15,9,1,1
"150",5.90719991455544,-3.96031199628187,15,10,1,1
"151",-1.00408647737041,-4.08843966627336,16,1,0,1
"152",0.113370509381627,2.4078244131477,16,2,0,1
"153",2.49062098161901,2.13080663845447,16,3,0,1
"154",10.9937120499475,2.95545841082106,16,4,0,1
"155",-7.00563818203255,-4.82801719906795,16,5,0,1
"156",-2.21958148788075,-3.59081748509353,16,6,1,1
"157",1.94847971929351,-0.550158951860167,16,7,1,1
"158",4.29354002840959,-4.86354115869887,16,8,1,1
"159",10.131302270606,-1.21699346886597,16,9,1,1
"160",0.0478807226489169,-2.34877582499896,16,10,1,1
"161",0.67899552547241,-0.694902939079189,17,1,0,1
"162",-0.35668730162639,-4.33106564675242,17,2,0,1
"163",3.89308655123433,-0.395869720056033,17,3,0,1
"164",4.27130411016769,2.79382792858652,17,4,0,1
"165",9.8052343149304,5.75055985223633,17,5,0,1
"166",9.41641366941827,5.06372276032921,17,6,1,1
"167",8.95062023382398,-1.80065739704296,17,7,1,1
"168",10.4929491768596,-1.23723569282477,17,8,1,1
"169",10.3941904847951,2.51065765830546,17,9,1,1
"170",5.89292766825622,-3.10241644935598,17,10,1,1
"171",-5.87820694425705,-0.180044706064302,18,1,0,1
"172",-1.35624476239204,-4.11565068037813,18,2,0,1
"173",5.88624845086312,1.04028335123641,18,3,0,1
"174",1.30535264259487,-6.11313919631158,18,4,0,1
"175",1.42349176099841,1.62808022998436,18,5,0,1
"176",2.69215331724434,-0.351157200079759,18,6,1,1
"177",7.10365328712065,3.1681996446968,18,7,1,1
"178",0.739194696482249,-0.411353856065524,18,8,1,1
"179",9.49230276234649,3.31549345205066,18,9,1,1
"180",1.67887901730898,-6.0809977679824,18,10,1,1
"181",-2.45559436903544,-0.409911691982133,19,1,0,1
"182",1.53294272498862,4.39707341396959,19,2,0,1
"183",1.15307461559056,-1.99347188388448,19,3,0,1
"184",2.00843933162752,0.199900103886124,19,4,0,1
"185",11.2412450338021,1.16626630588966,19,5,0,1
"186",2.9251138910927,-3.00559981253143,19,6,1,1
"187",7.14558318335086,1.71315386732701,19,7,1,1
"188",-4.59764716673517,-5.02813883536373,19,8,1,1
"189",-4.07116415485839,-3.44375604934572,19,9,1,1
"190",5.3810569768246,-2.52989996198907,19,10,1,1
"191",-8.15770776696092,-8.42786666798215,20,1,0,1
"192",-0.771177345310216,5.70941546355054,20,2,0,1
"193",4.64450000901349,-0.470847103237282,20,3,0,1
"194",-3.13864826979963,-2.55530236549734,20,4,0,1
"195",-5.87509571743825,1.54897087498672,20,5,0,1
"196",-2.91110814820947,-1.05180010172679,20,6,1,1
"197",5.15584081962015,-0.455388904506578,20,7,1,1
"198",10.5074469790776,1.613946107779,20,8,1,1
"199",9.76785787766988,0.373327065341402,20,9,1,1
"200",16.2949528324342,0.9538327750696,20,10,1,1
"201",-0.821033940310049,-2.58724511279164,21,1,0,1
"202",0.774137519460006,1.64943044643386,21,2,0,1
"203",3.14858016055305,-0.452932216317934,21,3,0,1
"204",-8.86964520569187,0.369831198259932,21,4,0,1
"205",-5.23932003620606,-0.513840803310998,21,5,0,1
"206",0.515249736076103,1.77760846098351,21,6,1,1
"207",1.92867687035108,2.73582857692989,21,7,1,1
"208",-4.08097130976484,-3.65317574914765,21,8,1,1
"209",2.57992455359355,-0.539043652490899,21,9,1,1
"210",9.1767006120991,2.74193104497316,21,10,1,1
"211",4.87758868544325,1.72134133949135,22,1,0,1
"212",0.158799670807256,-1.93643001615409,22,2,0,1
"213",4.02616736657001,3.06313899963405,22,3,0,1
"214",0.206326402372188,-1.83991877407707,22,4,0,1
"215",-1.93285462237884,-4.16904024466227,22,5,0,1
"216",4.15531218119136,-0.482642385398079,22,6,1,1
"217",8.93593251820505,1.8139686199022,22,7,1,1
"218",4.12975464789743,1.6911719872684,22,8,1,1
"219",5.50890198035752,-3.4537305114524,22,9,1,1
"220",10.9658674288603,3.48081480327498,22,10,1,1
"221",3.7447886100029,2.58179590573943,23,1,0,1
"222",1.85179934974008,0.599050489077103,23,2,0,1
"223",9.61852691828499,3.65183764462838,23,3,0,1
"224",-4.7076409709745,1.13680566666151,23,4,0,1
"225",8.93162551794165,0.139531803191549,23,5,0,1
"226",7.29172445737017,-0.64560273067334,23,6,1,1
"227",3.36360408523179,-2.5096336760877,23,7,1,1
"228",3.41145626273053,1.5216362693232,23,8,1,1
"229",15.2225159699315,-3.04912324533611,23,9,1,1
"230",11.1402280797242,-1.04086099645582,23,10,1,1
"231",-5.74537031862603,-5.92023365844557,24,1,0,1
"232",-1.69688035586772,-0.895440845111567,24,2,0,1
"233",0.346000941332557,-2.66004557297665,24,3,0,1
"234",6.93586500905718,4.46871366146904,24,4,0,1
"235",-0.258628965876686,-3.06659775279509,24,5,0,1
"236",-0.478263764657581,-1.44923985367378,24,6,1,1
"237",7.153763547075,0.46275998843318,24,7,1,1
"238",15.7435405672413,4.73592146239096,24,8,1,1
"239",9.12382843202386,-0.178133157753168,24,9,1,1
"240",8.68074851130888,-2.21752964390629,24,10,1,1
"241",-1.24404496278534,3.72744980302513,25,1,0,1
"242",10.3894777507962,2.82921338525259,25,2,0,1
"243",-2.24937762822346,5.16630102783682,25,3,0,1
"244",-2.61375330003253,1.1609402190365,25,4,0,1
"245",1.69537344056472,1.27043093244545,25,5,0,1
"246",10.2445166303665,2.31586451599286,25,6,1,1
"247",14.6835534384995,7.70207500223983,25,7,1,1
"248",8.75237545097644,1.03834891781825,25,8,1,1
"249",4.06836331159312,-3.55383756974986,25,9,1,1
"250",7.01608761481201,-4.16838673065251,25,10,1,1
"251",3.87923452489119,-3.99384901273589,26,1,0,1
"252",1.49844604063705,-2.78918432355922,26,2,0,1
"253",-0.863255102916298,-5.59411878747524,26,3,0,1
"254",7.97119241960542,1.73896414473789,26,4,0,1
"255",-3.86636475980817,-3.5950334032363,26,5,0,1
"256",5.28541979652527,0.278310072865449,26,6,1,1
"257",4.1481703508902,-1.67793531444079,26,7,1,1
"258",5.82591307140074,0.223571823153333,26,8,1,1
"259",6.61843602903212,-3.39153113022815,26,9,1,1
"260",14.1794196514091,2.14678143191587,26,10,1,1
"261",-5.43654702743995,-4.35599644568513,27,1,0,1
"262",-0.809786860238577,5.32209388240414,27,2,0,1
"263",-3.70562999687352,3.82170166969799,27,3,0,1
"264",3.0660728799429,5.02132943221118,27,4,0,1
"265",16.8548026111947,5.37722681783065,27,5,0,1
"266",3.80200284991763,0.809926168367405,27,6,1,1
"267",9.39834798756739,-0.693311172967653,27,7,1,1
"268",13.8265296055185,2.89115379910893,27,8,1,1
"269",5.37043998666227,6.02051487750376,27,9,1,1
"270",5.3282855692121,-2.29735385731968,27,10,1,1
"271",1.37821234580028,0.104660244977357,28,1,0,1
"272",-5.06274568331948,2.76618159068194,28,2,0,1
"273",-1.26007098414276,0.237776513695698,28,3,0,1
"274",-2.76752439808539,1.49280344894364,28,4,0,1
"275",2.12743615525153,4.79140292976619,28,5,0,1
"276",3.90266836127782,0.0999105636040993,28,6,1,1
"277",2.46368923368587,-0.202617971174547,28,7,1,1
"278",-0.620452081668756,-4.14471044364775,28,8,1,1
"279",18.4059037078277,4.16460755611223,28,9,1,1
"280",8.88420061977351,1.10963893723103,28,10,1,1
"281",-4.73237959903571,-3.28301826620327,29,1,0,1
"282",4.6248797349868,4.64358390214604,29,2,0,1
"283",-7.45872273071363,-5.33701328251077,29,3,0,1
"284",3.34134642679791,1.21510458620737,29,4,0,1
"285",1.47517686844479,-1.13809360452961,29,5,0,1
"286",-2.5936495549332,-2.28210270817264,29,6,1,1
"287",7.58945611874218,0.425888311983445,29,7,1,1
"288",9.2869975286731,-0.877894483396569,29,8,1,1
"289",9.74646770041118,3.03941369200069,29,9,1,1
"290",6.70291659028923,1.9458836396312,29,10,1,1
"291",-5.3512127988001,0.335305762154751,30,1,0,1
"292",1.23336319885604,-5.17393903370258,30,2,0,1
"293",10.1549588385081,0.244675824991789,30,3,0,1
"294",-9.25343160170281,-4.21652453248997,30,4,0,1
"295",-1.36744155662572,1.33607554619902,30,5,0,1
"296",9.30347222660733,1.05941136350202,30,6,1,1
"297",3.33430237608679,-2.81016958298525,30,7,1,1
"298",8.66091642357656,2.62137818452107,30,8,1,1
"299",7.00325770014367,-1.37291118591666,30,9,1,1
"300",18.6005168028924,3.95209725041342,30,10,1,1
"301",-2.87235156912658,-3.88082787128628,31,1,0,1
"302",-5.93619336261528,-1.42770671305877,31,2,0,1
"303",-5.0002816295075,0.154263055038886,31,3,0,1
"304",5.1389068937446,1.10836416979634,31,4,0,1
"305",-0.739158008707795,-1.71018436321373,31,5,0,1
"306",2.82878252111664,-2.34666291032235,31,6,1,1
"307",8.44077650161802,4.98740458505027,31,7,1,1
"308",7.11425019654191,0.936725476799673,31,8,1,1
"309",9.69903965995018,1.86879018281967,31,9,1,1
"310",5.91670725048588,-0.388410700626935,31,10,1,1
"311",-10.3651933991038,-0.523691128589148,32,1,0,1
"312",-7.53573324318959,-3.74401009765836,32,2,0,1
"313",2.39630644004404,-1.86476125841421,32,3,0,1
"314",0.0915979882159883,-0.125401866526096,32,4,0,1
"315",-6.29089215932177,-2.18005904840785,32,5,0,1
"316",6.63333936471404,-1.15671484040229,32,6,1,1
"317",-1.65190094365194,2.10485426032626,32,7,1,1
"318",0.287151362439361,-3.68022600577281,32,8,1,1
"319",3.46726201457437,-0.791799836313382,32,9,1,1
"320",11.3153355783911,2.85826056209418,32,10,1,1
"321",-1.62502013605855,1.15376439889179,33,1,0,1
"322",4.38579908703154,1.01410652005734,33,2,0,1
"323",-1.89593180305133,-4.5966316139973,33,3,0,1
"324",-7.75797223096641,-2.3415680908805,33,4,0,1
"325",-3.5563469608674,-2.74936003929469,33,5,0,1
"326",-4.38610431427255,-1.65767136224668,33,6,1,1
"327",3.10812634700883,-0.653315843120296,33,7,1,1
"328",-3.42538644114515,-2.73902548012509,33,8,1,1
"329",10.2250624161312,3.22912709985192,33,9,1,1
"330",-5.04147451287496,-8.64187465222053,33,10,1,1
"331",-1.54409808482305,0.187376808036248,34,1,0,1
"332",-0.654561759578354,-0.461398610800241,34,2,0,1
"333",-4.8226660629138,-6.11199702702914,34,3,0,1
"334",0.660722137543593,-2.85895280020823,34,4,0,1
"335",1.16309143026724,0.925479961760591,34,5,0,1
"336",4.30169547335591,1.24575830313878,34,6,1,1
"337",2.52446601889529,0.510532227650589,34,7,1,1
"338",-2.64984097399468,0.501673088610536,34,8,1,1
"339",7.2077027137834,0.678004545757909,34,9,1,1
"340",7.23279872204453,-1.88561393633393,34,10,1,1
"341",-0.582168292587281,3.3681085839842,35,1,0,1
"342",4.28072532887511,0.200510764389611,35,2,0,1
"343",-7.22403973964186,2.67087488834274,35,3,0,1
"344",12.2750729109607,3.66393389931586,35,4,0,1
"345",2.64491740702209,2.83135198331187,35,5,0,1
"346",3.43703051093742,1.34686598475362,35,6,1,1
"347",-0.864116591993463,-3.39855119408468,35,7,1,1
"348",2.8644611467227,4.35438307247573,35,8,1,1
"349",10.7813805082979,-2.75084093423613,35,9,1,1
"350",-1.66537440777557,-4.39986819408326,35,10,1,1
"351",-4.6029103437096,-2.91277630969232,36,1,0,1
"352",4.6787120693985,2.55482402517355,36,2,0,1
"353",-6.03208255506548,-0.14209553296664,36,3,0,1
"354",-6.5500043786422,-0.76621672831438,36,4,0,1
"355",-3.33204959131926,4.96377935372908,36,5,0,1
"356",7.10692796744474,2.91770482133087,36,6,1,1
"357",15.3696444960129,7.14719168738539,36,7,1,1
"358",12.8469951628373,-0.991814775961809,36,8,1,1
"359",3.23297185989134,-1.71652481638993,36,9,1,1
"360",11.1543144573842,4.71604260116182,36,10,1,1
"361",-4.6470319391943,-3.97161411976571,37,1,0,1
"362",-4.12739085577032,-0.308420398004226,37,2,0,1
"363",-3.99763256188232,2.53825724249637,37,3,0,1
"364",6.40761774540875,-0.389087249097739,37,4,0,1
"365",-0.50531926088171,-0.66927715398676,37,5,0,1
"366",3.92166686352249,0.121636206231079,37,6,1,1
"367",6.16043075083999,1.92334470360074,37,7,1,1
"368",2.8986682204212,0.403101291078471,37,8,1,1
"369",9.76259633722693,2.11076936405557,37,9,1,1
"370",-2.75707567478729,-6.97606250488842,37,10,1,1
"371",3.87097561644313,-0.77975910510667,38,1,0,1
"372",0.2299561282606,-2.22592974817908,38,2,0,1
"373",4.19407720335079,-1.1221115988952,38,3,0,1
"374",0.274792103515038,-0.809144397170722,38,4,0,1
"375",-0.539555939460919,2.30666045342724,38,5,0,1
"376",6.59689180331293,1.08357418399865,38,6,1,1
"377",9.29648923368741,-1.59335084799145,38,7,1,1
"378",6.89477120976532,7.83373386490436,38,8,1,1
"379",21.5405848467934,5.47595484183723,38,9,1,1
"380",12.6909680097596,3.45792990303576,38,10,1,1
"381",-7.32657343221316,0.455773667581601,39,1,0,1
"382",-1.99403846241141,-3.09638567566871,39,2,0,1
"383",-2.25350725506468,3.92424833192274,39,3,0,1
"384",2.13582472171783,-1.45565927918421,39,4,0,1
"385",0.0501320955087032,-1.91449261532737,39,5,0,1
"386",-3.27134845415514,-4.3576582472696,39,6,1,1
"387",2.75303171017318,0.220724197409487,39,7,1,1
"388",-5.18553311597807,-4.18686242540192,39,8,1,1
"389",3.42018327155421,-1.53259395234661,39,9,1,1
"390",15.0300101598408,3.44329388003914,39,10,1,1
"391",-4.58469493216297,-5.16606776785678,40,1,0,1
"392",1.31444963217049,-2.20939781177422,40,2,0,1
"393",1.77485097683747,3.43863808908141,40,3,0,1
"394",-2.76400919789119,1.24059427345873,40,4,0,1
"395",0.597678456703334,-1.59299000540822,40,5,0,1
"396",6.02987148541422,0.229675574694383,40,6,1,1
"397",5.34575492697777,-2.38050448450641,40,7,1,1
"398",16.4426179147456,4.10406852965259,40,8,1,1
"399",12.3957678277444,2.96670848538459,40,9,1,1
"400",5.06054642657768,2.17549476183574,40,10,1,1
"401",1.1922694644721,1.71413263332117,41,1,0,1
"402",-12.8776591036697,-3.982607077424,41,2,0,1
"403",7.35729641330711,-0.404658355935407,41,3,0,1
"404",2.57479558662636,1.75646983164226,41,4,0,1
"405",6.37335755665437,3.07743852563725,41,5,0,1
"406",8.34363703836853,2.03973051398274,41,6,1,1
"407",-2.27208331854744,-1.62404032547865,41,7,1,1
"408",13.135886338136,0.990662182254844,41,8,1,1
"409",7.1402382190815,1.83571776567036,41,9,1,1
"410",8.16250260338943,2.71765101446596,41,10,1,1
"411",3.83811116822029,0.133559486663143,42,1,0,1
"412",-5.4924973754479,-6.3609349984341,42,2,0,1
"413",7.98395715592625,4.94309529629981,42,3,0,1
"414",2.5407472090817,2.51499115766221,42,4,0,1
"415",1.04112657692722,0.883622556634732,42,5,0,1
"416",6.46634364181601,4.3034313198332,42,6,1,1
"417",6.46561622740992,-1.65932400943538,42,7,1,1
"418",9.25994290194758,1.28578185659079,42,8,1,1
"419",12.5688303217482,0.319731905854019,42,9,1,1
"420",13.037547927408,-0.381205275845773,42,10,1,1
"421",-4.99572608788572,-0.0275783257485733,43,1,0,1
"422",3.68295350328299,1.41199106722861,43,2,0,1
"423",-6.04001358828216,1.22146900660499,43,3,0,1
"424",3.85574630671991,0.657612205565274,43,4,0,1
"425",2.1682951700212,-3.86579140078229,43,5,0,1
"426",7.14782793826763,1.68332311538366,43,6,1,1
"427",7.02482928148584,-2.4204189655024,43,7,1,1
"428",7.0945384479502,0.512791758612335,43,8,1,1
"429",11.5870004310972,-1.97627119848652,43,9,1,1
"430",10.8352746128798,0.792948450281256,43,10,1,1
"431",-4.23973892123708,1.5225034662873,44,1,0,1
"432",11.1366330986102,2.13889247371717,44,2,0,1
"433",8.53887734357258,7.56031892841602,44,3,0,1
"434",-7.25803560996496,-0.206324457011671,44,4,0,1
"435",-8.05725975771665,0.77083145727594,44,5,0,1
"436",8.6602192644318,5.38702699050846,44,6,1,1
"437",9.10468977004216,3.93246481538543,44,7,1,1
"438",-6.55210900159201,-5.25131036071089,44,8,1,1
"439",-0.56491962074534,0.270103516583871,44,9,1,1
"440",12.3376621964644,3.56524869295648,44,10,1,1
"441",-1.36398308948209,4.05705840770728,45,1,0,1
"442",-3.90811990404623,-3.93230651849889,45,2,0,1
"443",9.53825886974645,8.63576572312733,45,3,0,1
"444",5.67685052064375,0.941368750747986,45,4,0,1
"445",13.0406362659121,4.04608207283239,45,5,0,1
"446",9.10536417313345,5.40700383512821,45,6,1,1
"447",8.0036886258486,5.05399166009135,45,7,1,1
"448",4.07206321049281,1.65921222750905,45,8,1,1
"449",7.31827616303722,2.82411014224664,45,9,1,1
"450",11.5211678559895,3.08860965659101,45,10,1,1
"451",1.8768774755019,-1.84434190301019,46,1,0,1
"452",2.57607640749657,4.79293669949949,46,2,0,1
"453",-2.32244415573753,-2.8788838601649,46,3,0,1
"454",10.3541348787251,3.45798107977699,46,4,0,1
"455",-1.79642808520135,-3.28172290975085,46,5,0,1
"456",4.3999887845256,1.61054310676906,46,6,1,1
"457",4.8042791677391,-1.5815997470268,46,7,1,1
"458",4.53813257698195,0.657651223314826,46,8,1,1
"459",0.948147921645511,1.72246674136894,46,9,1,1
"460",17.509166141868,6.03905194800181,46,10,1,1
"461",5.18978049629718,-1.92206578608115,47,1,0,1
"462",-7.66929193431719,-3.98000626138757,47,2,0,1
"463",-2.08304000724199,-2.71094192262398,47,3,0,1
"464",0.784199294376514,-3.83214098743677,47,4,0,1
"465",-1.89063100333488,0.150070246238596,47,5,0,1
"466",2.72626312648959,-4.76384705717288,47,6,1,1
"467",7.09033323222804,0.0682466572665128,47,7,1,1
"468",11.0492888101142,5.34396851432202,47,8,1,1
"469",3.6875841970666,-4.14849341912736,47,9,1,1
"470",17.9089867498382,-0.461157622977226,47,10,1,1
"471",-7.00417623761669,-0.179906264027271,48,1,0,1
"472",-7.52018336725738,-6.71048375687377,48,2,0,1
"473",3.37682191198445,-1.50010893859141,48,3,0,1
"474",-0.287320973616564,3.57315395488099,48,4,0,1
"475",0.236869866432621,-2.2910988056396,48,5,0,1
"476",-4.7460207401151,4.24483832101032,48,6,1,1
"477",13.3509207490648,6.51152141446325,48,7,1,1
"478",3.45366863200285,-3.54915785958943,48,8,1,1
"479",8.9965068410944,-4.1538357340276,48,9,1,1
"480",8.87161722002526,3.77772178018096,48,10,1,1
"481",1.41938727751696,0.072209609212729,49,1,0,1
"482",1.37536892274157,2.554774287904,49,2,0,1
"483",3.61554932897189,4.29098777969923,49,3,0,1
"484",0.102182978392775,4.11094646804881,49,4,0,1
"485",0.508842599566208,-3.84705883905209,49,5,0,1
"486",1.1453218537337,1.41344389817531,49,6,1,1
"487",0.813466591782222,2.22811625763068,49,7,1,1
"488",12.1835642927117,4.71405410035271,49,8,1,1
"489",8.48446633631613,0.0948561013322581,49,9,1,1
"490",12.1571069599641,-1.7463015282932,49,10,1,1
"491",5.06917177422071,4.97978008813099,50,1,0,1
"492",-1.34509628835135,-1.07131707367962,50,2,0,1
"493",-0.726274858796468,1.27891207865449,50,3,0,1
"494",2.10864627964394,2.86040277661886,50,4,0,1
"495",0.514281948286359,-0.194245248189325,50,5,0,1
"496",0.802950935963558,-3.3901083782257,50,6,1,1
"497",5.83428156762863,-1.73404560650837,50,7,1,1
"498",-1.55733302181806,-3.07992870260385,50,8,1,1
"499",6.9635055301443,1.07089599870394,50,9,1,1
"500",17.4256254659779,4.29134793096713,50,10,1,1
"501",1.30457370203304,2.63752915685339,51,1,0,1
"502",2.884754398356,3.73017529125961,51,2,0,1
"503",2.15614947780453,3.39140997064249,51,3,0,1
"504",0.0767599595154458,4.8779830347421,51,4,0,1
"505",-0.183867098925157,-0.515994040283941,51,5,0,1
"506",-3.4008087934124,-2.48263743906105,51,6,1,1
"507",2.77192813864312,-2.51653222617736,51,7,1,1
"508",14.1596414524398,0.764356054315843,51,8,1,1
"509",9.66577354964005,-0.68050975881091,51,9,1,1
"510",0.683540946706281,-3.25093625770049,51,10,1,1
"511",-4.33893822864165,-0.0804658824376618,52,1,0,1
"512",4.47589523466663,3.33286510149289,52,2,0,1
"513",-0.74717763271465,0.773432203677787,52,3,0,1
"514",-10.1678816391668,-2.9582812464533,52,4,0,1
"515",-1.99616005605564,-0.343507195637069,52,5,0,1
"516",10.2883429735372,1.31848039053798,52,6,1,1
"517",-1.30920644107116,-3.26278879168188,52,7,1,1
"518",-1.13244033239149,-2.95661204362951,52,8,1,1
"519",-2.36561133238318,-4.39637755235199,52,9,1,1
"520",6.25958512248848,0.930671299527658,52,10,1,1
"521",-5.49937179644762,-3.30171190014291,53,1,0,1
"522",-5.66174777001303,0.487223625293452,53,2,0,1
"523",0.105173870080047,0.617436705665406,53,3,0,1
"524",0.634675242539882,-1.08616482926172,53,4,0,1
"525",10.0624716938992,9.74528890869383,53,5,0,1
"526",6.44937638497782,0.730737310805134,53,6,1,1
"527",7.38206047978325,2.40266043168062,53,7,1,1
"528",7.133867403341,-3.97051242520618,53,8,1,1
"529",11.1819047778077,2.25894290127857,53,9,1,1
"530",8.76729940368769,2.72576584138569,53,10,1,1
"531",3.62366244523011,3.25992854776177,54,1,0,1
"532",1.40146803399311,0.8861813336036,54,2,0,1
"533",6.28066422636534,6.16609334744614,54,3,0,1
"534",6.94090217323452,2.79530896654648,54,4,0,1
"535",1.29989415303091,-0.825404617621671,54,5,0,1
"536",4.73990837469033,-3.41541554788847,54,6,1,1
"537",11.7190047683582,5.12486337778383,54,7,1,1
"538",5.37618509622186,-1.63082016402556,54,8,1,1
"539",10.8589959023948,3.9781877643645,54,9,1,1
"540",-13.1874882416098,-6.81446427730794,54,10,1,1
"541",1.94315888822533,-0.429675873081622,55,1,0,1
"542",-2.25193036248994,-0.432071341484987,55,2,0,1
"543",-6.71779124753093,-1.00248243404271,55,3,0,1
"544",15.390275634209,8.17118697597523,55,4,0,1
"545",-3.30076143299214,-3.05429702429117,55,5,0,1
"546",6.87459831875699,-2.38627829247091,55,6,1,1
"547",12.9478080647907,0.177423260720825,55,7,1,1
"548",15.7965094221214,1.41619655701036,55,8,1,1
"549",4.39045706579734,-4.74769332890357,55,9,1,1
"550",14.2083761173155,0.251398340695333,55,10,1,1
"551",8.88542797266464,5.01481622536203,56,1,0,0
"552",1.87398837647216,-0.245707647462068,56,2,0,0
"553",-4.414210158199,-2.94294851037947,56,3,0,0
"554",-11.4790020484941,-2.74030013821063,56,4,0,0
"555",0.706801090053915,-0.806527382377545,56,5,0,0
"556",8.30293935019014,1.68657995323464,56,6,1,0
"557",4.92936404122752,-0.760424301760392,56,7,1,0
"558",2.24907441122429,-3.95037547555656,56,8,1,0
"559",5.83526077550923,-4.33675550668417,56,9,1,0
"560",4.9676287964107,0.117808682660806,56,10,1,0
"561",-1.76120950911856,4.11542282808435,57,1,0,0
"562",-8.28844475790264,-2.77003708722529,57,2,0,0
"563",0.0649686029262211,1.66127230407528,57,3,0,0
"564",-4.7809558076031,-1.01594760633928,57,4,0,0
"565",5.14188466231856,5.39233450211372,57,5,0,0
"566",2.78598401011794,-3.57263008092964,57,6,1,0
"567",3.87005784986074,-0.444968414123682,57,7,1,0
"568",9.79384901526412,6.37715999975357,57,8,1,0
"569",-0.107148384620584,2.3193129292763,57,9,1,0
"570",5.13262438594678,2.27228115818965,57,10,1,0
"571",-10.8837180313035,-0.841239793836438,58,1,0,0
"572",5.92405644396428,3.13262689198458,58,2,0,0
"573",-1.25908240680694,2.08234706103752,58,3,0,0
"574",-4.20268593307614,-2.12230852037741,58,4,0,0
"575",0.16056047597841,0.984122312167331,58,5,0,0
"576",-3.91335454670947,1.20285034037534,58,6,1,0
"577",0.504760084064621,4.55564975437031,58,7,1,0
"578",-10.4162243838676,-0.0905851688908236,58,8,1,0
"579",0.399589742890525,-0.473843533025426,58,9,1,0
"580",3.92915802327867,4.87153021650693,58,10,1,0
"581",-1.79211437732343,0.972719723093779,59,1,0,0
"582",-1.96111723099891,-5.42420691049613,59,2,0,0
"583",0.2503887088513,2.94676153775645,59,3,0,0
"584",6.79650636624726,2.11011625175662,59,4,0,0
"585",-5.99166061808659,0.823999084559911,59,5,0,0
"586",-1.422626808877,0.785534667782486,59,6,1,0
"587",-7.27893927420784,-2.82575211272962,59,7,1,0
"588",14.3397455732721,5.54945059374233,59,8,1,0
"589",2.08253998276598,-3.34724730096889,59,9,1,0
"590",-8.80484876400217,3.0515934819239,59,10,1,0
"591",2.18049424438115,0.731730237527445,60,1,0,0
"592",0.0653196491422956,0.361406503261177,60,2,0,0
"593",-5.51638751199837,-1.39299486999056,60,3,0,0
"594",-1.94564832698994,-3.3936230070912,60,4,0,0
"595",5.90099975670647,4.50309992418594,60,5,0,0
"596",-2.54839091985441,-0.711787473608055,60,6,1,0
"597",2.70052290685936,-3.64036630377271,60,7,1,0
"598",-8.17307382765605,-2.57441600717363,60,8,1,0
"599",5.42443756882226,2.2378240709823,60,9,1,0
"600",-0.381966470937243,0.443640421586228,60,10,1,0
"601",9.48933563815844,8.21229105925063,61,1,0,0
"602",-5.31454256757805,-1.73168700803731,61,2,0,0
"603",-2.02398426866986,-3.0185412045077,61,3,0,0
"604",-9.24045402451781,-6.2274176243263,61,4,0,0
"605",-2.89264178013473,-0.590786935585856,61,5,0,0
"606",-3.13119534312521,-4.20899531144185,61,6,1,0
"607",-3.98317195057558,-1.69174218935576,61,7,1,0
"608",5.39867598927598,-1.00948272757584,61,8,1,0
"609",4.72439809326581,6.18004780217529,61,9,1,0
"610",7.67615974316701,-0.133672302857435,61,10,1,0
"611",-0.0667364339989867,2.62846289733127,62,1,0,0
"612",-2.5666048058876,-0.983164536688978,62,2,0,0
"613",8.47205615461414,3.07155473574466,62,3,0,0
"614",-3.30101432791273,-3.30621552824921,62,4,0,0
"615",-5.68899011993427,-2.0372560136475,62,5,0,0
"616",4.74119251664651,-1.81397997261717,62,6,1,0
"617",4.64851807565724,3.36984882333452,62,7,1,0
"618",1.49774518521298,-0.955735309335011,62,8,1,0
"619",-0.830703163911475,-0.0145636305166417,62,9,1,0
"620",0.431477686666641,-3.83166367881193,62,10,1,0
"621",0.554522583358092,0.568748530502469,63,1,0,0
"622",4.73599120641376,0.637511254302908,63,2,0,0
"623",-1.62461525981638,4.1861560991466,63,3,0,0
"624",-5.13780681818697,-2.2646507229873,63,4,0,0
"625",-3.39110515393789,0.734587659754755,63,5,0,0
"626",-1.50923338723183,-5.13642261740653,63,6,1,0
"627",-0.379286647111824,-0.965979276684785,63,7,1,0
"628",-0.0802637785764027,-1.39724668624023,63,8,1,0
"629",3.45939497208061,1.30952977049368,63,9,1,0
"630",4.27164951363722,-2.40494639132178,63,10,1,0
"631",-6.03928658232076,-1.76273414567508,64,1,0,0
"632",9.15037545610662,4.7179374402503,64,2,0,0
"633",1.68216778551569,-2.20187873910909,64,3,0,0
"634",-3.64923149280236,-0.833930455102302,64,4,0,0
"635",7.86999986074826,7.68187347454831,64,5,0,0
"636",3.49169770097785,1.66053440445093,64,6,1,0
"637",9.17479856837362,1.51963636377676,64,7,1,0
"638",4.60880566356091,4.1639207700796,64,8,1,0
"639",-3.71460736777294,0.212805872121048,64,9,1,0
"640",2.83010713418971,1.78129881125374,64,10,1,0
"641",0.0368870721799222,-0.663212994158052,65,1,0,0
"642",-7.2176551837421,-0.142222388324126,65,2,0,0
"643",-1.40242262357263,-5.67923886731781,65,3,0,0
"644",1.55286095155339,0.928205586103014,65,4,0,0
"645",-6.30420947288729,-1.60970842243524,65,5,0,0
"646",4.56569135797131,-0.449969518072221,65,6,1,0
"647",0.963593691643393,-1.8336824797979,65,7,1,0
"648",6.82382034532174,0.771869318399714,65,8,1,0
"649",-1.27777757720793,-1.08600172993128,65,9,1,0
"650",-1.10603275355841,4.16279507927863,65,10,1,0
"651",-2.80089930628227,0.414215842272956,66,1,0,0
"652",-2.31657002316743,0.388453259422456,66,2,0,0
"653",-2.41150498476123,0.272209742570035,66,3,0,0
"654",5.99727838163616,3.60207011575853,66,4,0,0
"655",-4.15829642440586,-0.177211275305002,66,5,0,0
"656",-1.06307624903498,-0.735369766617215,66,6,1,0
"657",-3.82597335002991,-7.47020392058951,66,7,1,0
"658",8.91143672808882,3.21324359451546,66,8,1,0
"659",0.919877192469785,-2.39397385242023,66,9,1,0
"660",-4.35908010908143,-3.31361225952148,66,10,1,0
"661",2.8578892990356,-3.52859635666806,67,1,0,0
"662",-2.27815784247962,-2.3904388490723,67,2,0,0
"663",-10.0282546040669,-2.69590267528846,67,3,0,0
"664",1.62465519039283,1.28485814457894,67,4,0,0
"665",0.212046138409297,1.05188035218175,67,5,0,0
"666",8.88130141473711,1.60813417934511,67,6,1,0
"667",3.19735429618389,-2.34146483731467,67,7,1,0
"668",-9.78779673271743,-2.94284122271408,67,8,1,0
"669",-3.35431140355514,-2.81366024016056,67,9,1,0
"670",3.42740040924924,-1.79406711347689,67,10,1,0
"671",1.26816811321655,-3.00994799107563,68,1,0,0
"672",-1.60825317021068,0.25539466553835,68,2,0,0
"673",-0.539464700517374,-1.67390121965983,68,3,0,0
"674",2.44023332884966,-4.32287348586947,68,4,0,0
"675",8.16890791423979,3.83969109922365,68,5,0,0
"676",5.1513828127129,0.376148512761478,68,6,1,0
"677",-2.82481893182701,-3.04826768036888,68,7,1,0
"678",8.06044023146646,2.43758424224718,68,8,1,0
"679",1.2830603082152,1.10338578924349,68,9,1,0
"680",-4.53600155625079,0.965830506340891,68,10,1,0
"681",5.67995021802194,5.48539731318942,69,1,0,0
"682",-6.13656062696467,-7.0505847249796,69,2,0,0
"683",0.815552011542831,-0.974939117795495,69,3,0,0
"684",-0.247031101515381,-0.966811588054692,69,4,0,0
"685",-1.86041887231157,-3.48150911995694,69,5,0,0
"686",6.63760177823378,0.942365454205277,69,6,1,0
"687",-7.48000062518902,-5.20008492555096,69,7,1,0
"688",3.45680270894537,-0.475569840851318,69,8,1,0
"689",-0.539166815165583,1.89964541314075,69,9,1,0
"690",4.35376416832194,-0.893180078761986,69,10,1,0
"691",4.71380404320351,2.13681119656517,70,1,0,0
"692",-0.665844042837707,1.26581548159129,70,2,0,0
"693",8.90991199169106,0.854426761267183,70,3,0,0
"694",5.75561802690207,4.18470576415562,70,4,0,0
"695",4.68169498668689,-1.21225897461458,70,5,0,0
"696",0.311281917508572,2.3075973111946,70,6,1,0
"697",-7.19518767351818,-0.485766513966983,70,7,1,0
"698",4.48941912022556,-1.25330138777156,70,8,1,0
"699",1.90168878895483,-3.41638590142945,70,9,1,0
"700",-2.93154926523621,-1.72178938617184,70,10,1,0
"701",4.9893447244256,1.69503992222562,71,1,0,0
"702",0.394450647517131,1.16743440642973,71,2,0,0
"703",-4.95866301303682,-3.15292580268374,71,3,0,0
"704",8.18768449992059,2.90105018616116,71,4,0,0
"705",1.87768116793249,1.7662456520997,71,5,0,0
"706",2.91462510128502,-0.534110424509528,71,6,1,0
"707",-7.23274003703284,0.414800653424986,71,7,1,0
"708",-5.34101042188493,-1.55856896928876,71,8,1,0
"709",-2.62442606561005,-0.0167654236863873,71,9,1,0
"710",0.26884921028236,-2.85768255771284,71,10,1,0
"711",-1.03431837766426,3.95864447489135,72,1,0,0
"712",-0.752900511698062,0.0689487461688497,72,2,0,0
"713",1.2654858388007,5.01100129355788,72,3,0,0
"714",1.98524617664982,-3.33264347433873,72,4,0,0
"715",-6.23398250464619,-2.80928191783736,72,5,0,0
"716",0.862083076517505,0.176655249057821,72,6,1,0
"717",3.87966191889961,7.72957874348043,72,7,1,0
"718",5.41307624505868,2.07078530646154,72,8,1,0
"719",4.98282715071461,2.82317403357548,72,9,1,0
"720",-0.693746938884294,-3.61784700175315,72,10,1,0
"721",4.08248694548708,-0.0979003577279585,73,1,0,0
"722",1.76804897451687,0.299568237019804,73,2,0,0
"723",3.44914106355259,-3.47240097042032,73,3,0,0
"724",-1.36206587830613,-3.47234876533847,73,4,0,0
"725",5.75919968781346,3.62720388200713,73,5,0,0
"726",9.57775570182401,2.74488457094715,73,6,1,0
"727",-3.04904038747374,-1.17372598068185,73,7,1,0
"728",-6.37780139428237,-2.706335031175,73,8,1,0
"729",7.93196918230464,-0.966864762217154,73,9,1,0
"730",1.71063655810908,0.391476832383194,73,10,1,0
"731",-7.60435529623556,-4.47966474313029,74,1,0,0
"732",-7.07361037707873,-7.82552664930023,74,2,0,0
"733",9.53661040360405,3.79430216896444,74,3,0,0
"734",2.38759385777352,-2.25161450165895,74,4,0,0
"735",-1.10086167393016,0.140785034436562,74,5,0,0
"736",1.01526115484275,-0.411798187330928,74,6,1,0
"737",6.32903746872365,2.54854785359623,74,7,1,0
"738",11.1971723888204,2.16420934103449,74,8,1,0
"739",-3.9013434974099,-4.39337830059983,74,9,1,0
"740",3.43717876730812,3.67032714726433,74,10,1,0
"741",-1.91688239977932,1.89368682556558,75,1,0,0
"742",-0.452640879239427,-2.43821151951705,75,2,0,0
"743",1.92977136129625,0.78529378745487,75,3,0,0
"744",5.62235118047619,0.941809042764737,75,4,0,0
"745",0.395425658687609,0.62635713520357,75,5,0,0
"746",9.42784671934772,2.27047081507756,75,6,1,0
"747",1.0231611543687,-2.03915796522479,75,7,1,0
"748",2.17464299626415,-2.63273320331884,75,8,1,0
"749",-0.636696320111139,-5.95951467731062,75,9,1,0
"750",-6.42452191027119,-0.902863695593125,75,10,1,0
"751",-2.33825547726862,-1.23102750553766,76,1,0,0
"752",-3.60981991847186,0.0599086242274237,76,2,0,0
"753",7.86433981058696,1.19210495875437,76,3,0,0
"754",-0.572786971410492,-1.43680211465556,76,4,0,0
"755",-8.88947284582779,-5.59594914230575,76,5,0,0
"756",-0.374095156775699,-3.15293099129611,76,6,1,0
"757",-6.04970411027155,-0.67286279413977,76,7,1,0
"758",9.55283931915397,0.930473423171684,76,8,1,0
"759",6.12132499680446,2.07655018464999,76,9,1,0
"760",-15.11018364716,-9.56519374922253,76,10,1,0
"761",2.43638215278069,-1.39368639094918,77,1,0,0
"762",0.732356214305699,1.23028123927974,77,2,0,0
"763",5.20397287078376,2.76650350234656,77,3,0,0
"764",6.25931214972492,-0.295066299029565,77,4,0,0
"765",-0.401205232926862,2.61593130862086,77,5,0,0
"766",2.24114393309928,-0.877543532606807,77,6,1,0
"767",1.95963198816006,-1.17838630361767,77,7,1,0
"768",1.63284573288928,0.23458936450103,77,8,1,0
"769",4.27875957355014,-0.593957913483164,77,9,1,0
"770",11.4963298459877,2.18708695148935,77,10,1,0
"771",0.106410763060545,-0.226520497818415,78,1,0,0
"772",0.826184314386372,0.62266056799048,78,2,0,0
"773",-4.18220424117236,-0.563374096025991,78,3,0,0
"774",7.65286546383943,1.98905348099601,78,4,0,0
"775",-0.0608034110308289,0.705134040010775,78,5,0,0
"776",-2.96919354460185,-0.555975101860797,78,6,1,0
"777",2.35982302634342,-0.902973865965554,78,7,1,0
"778",-6.15203904836206,-2.63770873443079,78,8,1,0
"779",5.59741198443648,2.18529274057227,78,9,1,0
"780",-4.57440245829072,-5.70941527782165,78,10,1,0
"781",-2.87958773673781,-2.86594892209305,79,1,0,0
"782",9.05392279462205,3.92610760993921,79,2,0,0
"783",3.92581278580669,2.01186086314682,79,3,0,0
"784",12.622458405976,3.62657740044606,79,4,0,0
"785",0.0770767627971675,-1.11464300097258,79,5,0,0
"786",7.49307405436157,5.06215831645424,79,6,1,0
"787",1.09333987222107,-2.22214843317157,79,7,1,0
"788",10.2902537896776,2.35435230278313,79,8,1,0
"789",4.11605640360922,2.35678382072715,79,9,1,0
"790",9.81782540983646,3.04213733473305,79,10,1,0
"791",2.00446903738235,-1.73518150848779,80,1,0,0
"792",2.71551750003756,-0.187807639660856,80,2,0,0
"793",-12.6350053352587,-9.83895606851681,80,3,0,0
"794",-4.59099923517496,-2.97503378832264,80,4,0,0
"795",8.71561976230741,3.80494234327315,80,5,0,0
"796",2.68912099079131,2.25269205685343,80,6,1,0
"797",-0.558909778399919,0.473148734098694,80,7,1,0
"798",-5.36140742925123,1.28579954639559,80,8,1,0
"799",1.68989675486692,2.65558802342883,80,9,1,0
"800",-1.55144466479421,-0.146317446870685,80,10,1,0
"801",-1.69543309509081,2.42101515098029,81,1,0,0
"802",-5.24811775247703,-3.71463414103907,81,2,0,0
"803",-1.83012895900903,-2.24787992694818,81,3,0,0
"804",-3.63515561987895,0.647714190984829,81,4,0,0
"805",-0.752330603347863,0.805255614352466,81,5,0,0
"806",7.27069073767547,1.19035071225983,81,6,1,0
"807",-9.1296079896713,-5.18523661246783,81,7,1,0
"808",1.50348698741234,0.537473143541538,81,8,1,0
"809",-2.09879775404333,-0.136156597225957,81,9,1,0
"810",-0.98040218676864,4.62360287372557,81,10,1,0
"811",-0.903487687850164,3.78418004564275,82,1,0,0
"812",-2.64977827577606,-2.41475576251753,82,2,0,0
"813",-0.312148806713613,3.49930539664543,82,3,0,0
"814",6.52963127077603,-1.26121780638992,82,4,0,0
"815",-0.659322616708231,-2.37610681272161,82,5,0,0
"816",1.34649862296409,-1.28104895874004,82,6,1,0
"817",-6.79942088909814,3.28032504653948,82,7,1,0
"818",-5.40748397230058,-0.348693034831036,82,8,1,0
"819",16.6752435497991,3.34299128619331,82,9,1,0
"820",-2.72622020114445,-0.129308149861216,82,10,1,0
"821",6.11589749618867,-0.358599211496225,83,1,0,0
"822",14.4062803303503,5.59593879351133,83,2,0,0
"823",2.80234231653682,0.894634634588705,83,3,0,0
"824",-9.36518784366371,-7.82704534167554,83,4,0,0
"825",-1.40166952815308,-3.0089561090681,83,5,0,0
"826",-4.7788453394556,-2.47321774693461,83,6,1,0
"827",3.86322796814948,1.09977778109789,83,7,1,0
"828",-4.51988242483062,-1.94332198165902,83,8,1,0
"829",0.747083155237719,3.1357375825417,83,9,1,0
"830",0.58624044840071,3.33068837514093,83,10,1,0
"831",-1.8983571894593,0.967048981091947,84,1,0,0
"832",-0.307125887897444,-0.480171243796972,84,2,0,0
"833",-2.38036668932864,-4.17086605957979,84,3,0,0
"834",-2.33077889107251,-1.2800671069178,84,4,0,0
"835",2.82663892359553,-0.549932222794493,84,5,0,0
"836",-2.78593134159568,-1.02671623730672,84,6,1,0
"837",8.32403909097165,3.66201312343373,84,7,1,0
"838",0.134943479374357,-2.99004594213139,84,8,1,0
"839",5.53053195348535,4.92117604439379,84,9,1,0
"840",5.45933979285839,2.84499287472117,84,10,1,0
"841",3.11776366297372,4.02386370803728,85,1,0,0
"842",3.03978803520004,-0.657243994925467,85,2,0,0
"843",6.24538072775506,4.01864981725803,85,3,0,0
"844",5.04696531908338,4.39045232524872,85,4,0,0
"845",12.0007563288605,4.7519121446306,85,5,0,0
"846",5.02427333219375,4.18085603851313,85,6,1,0
"847",0.335674494811973,1.03355929452311,85,7,1,0
"848",-1.80476154972516,-1.79056835275393,85,8,1,0
"849",9.39588837738449,3.12350187399756,85,9,1,0
"850",4.57707076474837,-3.1265056243452,85,10,1,0
"851",7.14909877519361,0.82788946714736,86,1,0,0
"852",2.82106493491105,-0.786851934283289,86,2,0,0
"853",4.49156238087869,-0.850599550805252,86,3,0,0
"854",3.00617523426643,2.07828509619968,86,4,0,0
"855",10.0372848109695,1.3955177483088,86,5,0,0
"856",4.38278234847291,0.439523328590608,86,6,1,0
"857",5.40924237263726,1.60963887589229,86,7,1,0
"858",4.78830014681979,1.38156023448145,86,8,1,0
"859",6.20564646857162,3.69971516217971,86,9,1,0
"860",-2.51880793670861,-1.5025793374444,86,10,1,0
"861",-7.10846989227879,-3.3098598107356,87,1,0,0
"862",1.47740572660066,3.60813441766348,87,2,0,0
"863",-3.14412184786286,-3.88189234091615,87,3,0,0
"864",-8.02523348982484,-0.701763560978909,87,4,0,0
"865",-6.27480183563819,-1.78365795988965,87,5,0,0
"866",7.35820432915597,4.51510872084851,87,6,1,0
"867",3.23652147384661,0.404418223629902,87,7,1,0
"868",-4.95487965656599,1.42946872803177,87,8,1,0
"869",-7.83438587801709,-3.83908391139088,87,9,1,0
"870",2.43065808884693,4.37645872416301,87,10,1,0
"871",-2.55655843881228,-2.6509773348532,88,1,0,0
"872",0.304245328857021,2.53730202883516,88,2,0,0
"873",1.75127510435022,-0.899758551535442,88,3,0,0
"874",4.97969756156558,1.79211444160671,88,4,0,0
"875",5.16279498594001,-2.26888564327018,88,5,0,0
"876",-0.620586215808174,1.13710877570387,88,6,1,0
"877",-1.19532411172628,-0.815162201875118,88,7,1,0
"878",5.58793226195538,1.64084542863233,88,8,1,0
"879",-1.50499936012487,-4.46904787926401,88,9,1,0
"880",7.08568111012131,0.21175692704691,88,10,1,0
"881",-8.11230309946731,-2.18627032556413,89,1,0,0
"882",-2.62769553480729,-2.19140135056315,89,2,0,0
"883",-0.663562593625777,1.36401375485938,89,3,0,0
"884",-0.359067439610967,-0.470929908209795,89,4,0,0
"885",9.61112049600066,-0.24988541985345,89,5,0,0
"886",-5.63972670270016,-3.30023458102898,89,6,1,0
"887",1.89710352450102,1.81128692735337,89,7,1,0
"888",-6.6978407782625,-0.83991962246969,89,8,1,0
"889",2.45214525972399,-0.350754919729193,89,9,1,0
"890",-4.9226697817527,-7.4895946817057,89,10,1,0
"891",3.46325038331784,1.31010244345345,90,1,0,0
"892",-4.56215687805277,-3.59807975946127,90,2,0,0
"893",-5.37591491602121,-1.62233673067923,90,3,0,0
"894",0.440618116629617,0.535207864477235,90,4,0,0
"895",-0.926630273176338,0.165260591358083,90,5,0,0
"896",0.900350867333366,-1.60456977155596,90,6,1,0
"897",-2.56885469464511,-3.23364228772319,90,7,1,0
"898",-0.811371736553679,0.577340304147644,90,8,1,0
"899",-6.46519153904277,-2.06302646313029,90,9,1,0
"900",-0.480342796850027,-4.4877895166522,90,10,1,0
"901",-7.26806236649207,-3.07903467151686,91,1,0,0
"902",-0.546283588682877,-4.59825410579532,91,2,0,0
"903",2.01386799830742,0.174148891235207,91,3,0,0
"904",0.620704094361709,-0.198412820278663,91,4,0,0
"905",5.97103324510017,4.21744906375587,91,5,0,0
"906",0.807123490077648,-6.05727323576848,91,6,1,0
"907",-7.30650815234538,-5.2715601584777,91,7,1,0
"908",1.24161749666641,-4.45669359037514,91,8,1,0
"909",-0.56288884395429,-3.326202099731,91,9,1,0
"910",7.16865907501489,1.76958079909687,91,10,1,0
"911",12.686769077869,7.16731479171817,92,1,0,0
"912",2.16914314844434,1.78044582635308,92,2,0,0
"913",-5.82254870354546,-0.47295880237808,92,3,0,0
"914",3.93000337511656,0.277117350837706,92,4,0,0
"915",-7.76048079720147,-0.849714935390491,92,5,0,0
"916",0.208566580928978,4.98951847745455,92,6,1,0
"917",-0.297075976848806,0.980051038000308,92,7,1,0
"918",-1.9527763509701,-0.730643239479212,92,8,1,0
"919",4.54711181172449,0.10990487517405,92,9,1,0
"920",-1.40971379225204,1.38897984363719,92,10,1,0
"921",-8.50162667294502,-0.645684137232416,93,1,0,0
"922",8.00608983069707,3.6091950771848,93,2,0,0
"923",-2.11373228122289,2.74461164487269,93,3,0,0
"924",1.94197765684309,-1.447206003272,93,4,0,0
"925",-1.45288381921731,-0.314868465640461,93,5,0,0
"926",2.48706891895925,0.636110150189391,93,6,1,0
"927",1.73549479084608,1.85804090177719,93,7,1,0
"928",-3.71197745540759,-2.70556497172051,93,8,1,0
"929",3.51083554487464,1.70158101589087,93,9,1,0
"930",1.44916049152632,0.958974329948218,93,10,1,0
"931",7.27821631817468,3.15455221437102,94,1,0,0
"932",6.59862594761767,-2.22597341635917,94,2,0,0
"933",1.24427347226349,3.91385193442429,94,3,0,0
"934",8.71866423409543,1.29948210270453,94,4,0,0
"935",5.26988822739668,3.8291630030043,94,5,0,0
"936",2.51182244287577,-2.09284276404576,94,6,1,0
"937",0.882713849886099,1.2950923743533,94,7,1,0
"938",0.912717866078211,-3.70498697727309,94,8,1,0
"939",5.16030533992629,0.82987400580781,94,9,1,0
"940",2.3271645418249,1.51439006736538,94,10,1,0
"941",1.88156303535427,0.96430847824691,95,1,0,0
"942",-0.185989456215935,-3.01468071590669,95,2,0,0
"943",4.49519410558713,-0.279045123351251,95,3,0,0
"944",-2.29056121921692,-0.22995149694202,95,4,0,0
"945",-5.77867917135683,1.93243811456802,95,5,0,0
"946",1.01419179400026,0.996017686067534,95,6,1,0
"947",1.57568174360107,0.812648773028044,95,7,1,0
"948",2.74159823079071,3.37968116833185,95,8,1,0
"949",-1.12414930501741,1.20773468036099,95,9,1,0
"950",-1.97333732185077,-2.94806125099136,95,10,1,0
"951",-0.0516393699356978,2.26762340649365,96,1,0,0
"952",3.70665498608209,5.67680123908736,96,2,0,0
"953",-4.06827038519291,-1.31739528261027,96,3,0,0
"954",7.29660862318675,3.99002284571599,96,4,0,0
"955",-1.49485553619789,1.4685658754422,96,5,0,0
"956",7.73121400736006,3.09880934786247,96,6,1,0
"957",-3.07400716837086,-1.16323320191233,96,7,1,0
"958",-2.26021822757125,-0.788172249784015,96,8,1,0
"959",5.16290550588909,-0.953714392281379,96,9,1,0
"960",-3.11652491794993,-5.41581144859076,96,10,1,0
"961",1.27655085789714,-4.77918243529108,97,1,0,0
"962",6.43629189177835,8.57043210299046,97,2,0,0
"963",1.50798639972026,1.23057025421769,97,3,0,0
"964",-7.84934621947995,-3.39891178945595,97,4,0,0
"965",-0.624042573349729,-1.82361102631909,97,5,0,0
"966",-0.910065804064212,-1.95683061693804,97,6,1,0
"967",-4.55885440486816,-1.38376747061504,97,7,1,0
"968",-4.95168548296364,-3.82614266339029,97,8,1,0
"969",1.64890585590835,-1.92536011134836,97,9,1,0
"970",1.84622205063325,3.88692232565287,97,10,1,0
"971",3.80091426024497,-0.908464877241402,98,1,0,0
"972",-5.97609945266635,-0.57200572472076,98,2,0,0
"973",-5.11784008884993,-1.16498857158824,98,3,0,0
"974",1.06393541680477,0.579967560884021,98,4,0,0
"975",-2.26678989106552,-2.5065706764212,98,5,0,0
"976",-2.38974622911437,-3.82299343671715,98,6,1,0
"977",1.8550514244685,-1.68217103878764,98,7,1,0
"978",-1.74175865661062,0.701636628560545,98,8,1,0
"979",-2.11231494140136,-4.60637045580425,98,9,1,0
"980",-6.49801977103371,-3.22849668608939,98,10,1,0
"981",5.50563095564078,0.0933952725154545,99,1,0,0
"982",5.20026782174231,3.52845225577339,99,2,0,0
"983",1.03128190249235,0.639345613275026,99,3,0,0
"984",1.83033935545737,-1.12680804170226,99,4,0,0
"985",-5.45956984340343,-0.618437014038184,99,5,0,0
"986",-3.79990766795585,-3.19031335714706,99,6,1,0
"987",7.01772949520822,-0.93423082002086,99,7,1,0
"988",6.62024233510941,1.44540965334671,99,8,1,0
"989",-7.77276815233287,-4.57537362246458,99,9,1,0
"990",-1.70780453312949,-1.67122154610102,99,10,1,0
"991",-0.580288895754982,1.03676569666609,100,1,0,0
"992",-0.785136912433163,-0.831463947719476,100,2,0,0
"993",-5.20390140011071,-1.39995007212954,100,3,0,0
"994",1.06330383118831,-4.29199814992291,100,4,0,0
"995",8.25675180618259,2.63193755040177,100,5,0,0
"996",-0.993214417104912,3.60203716625274,100,6,1,0
"997",1.31849764139844,-1.41669081729818,100,7,1,0
"998",8.65607373095502,-0.0239776216646856,100,8,1,0
"999",1.79559969862808,3.5571691884453,100,9,1,0
"1000",4.9352723753578,3.13004101436287,100,10,1,0
"1001",-0.730452981905607,-3.492163989101,101,1,0,0
"1002",-6.18950396320786,-0.410307245720809,101,2,0,0
"1003",-4.98280679256906,-1.87820404531635,101,3,0,0
"1004",-2.62591586112538,-3.70324302323074,101,4,0,0
"1005",3.88198443218643,0.0313424240237089,101,5,0,0
"1006",-0.470981722371785,-4.32853610158751,101,6,1,0
"1007",-8.67555376783322,-3.23798583652459,101,7,1,0
"1008",-7.80355548555946,-2.65568285117198,101,8,1,0
"1009",4.1868529368832,-0.634820207064881,101,9,1,0
"1010",0.563158841973138,-1.06396066355813,101,10,1,0
"1011",5.2939394187499,-1.15844827348561,102,1,0,0
"1012",11.0188989526858,5.09907884186545,102,2,0,0
"1013",-0.854970599309032,-2.30177059887417,102,3,0,0
"1014",1.95237428971847,0.901716210433006,102,4,0,0
"1015",1.80161452253029,2.23332869254164,102,5,0,0
"1016",-6.9291642825616,-4.60434100732879,102,6,1,0
"1017",7.98600552923623,-0.357013045982642,102,7,1,0
"1018",4.48803429689453,1.91743986818904,102,8,1,0
"1019",4.65877364343947,3.79540356333937,102,9,1,0
"1020",0.527031233142432,4.21528421195064,102,10,1,0
"1021",-9.16103257420253,-3.97050039015051,103,1,0,0
"1022",4.60079383571004,2.96569609821919,103,2,0,0
"1023",-1.29555003118187,0.721079257020083,103,3,0,0
"1024",-0.618442303149051,0.51999789414175,103,4,0,0
"1025",-2.40749524751558,-2.66338276702026,103,5,0,0
"1026",6.49857533701174,0.70990728526983,103,6,1,0
"1027",4.23894868074309,2.71154937698534,103,7,1,0
"1028",-4.77832561625978,3.13872976297052,103,8,1,0
"1029",-1.81790820691303,-2.5308452760477,103,9,1,0
"1030",-0.798488700766115,0.824402967959889,103,10,1,0
"1031",-8.59655688375948,-4.48789005732688,104,1,0,0
"1032",-1.6054555506765,1.47257571766682,104,2,0,0
"1033",1.59459582932541,1.38449759417708,104,3,0,0
"1034",5.14888555523407,1.28482443672539,104,4,0,0
"1035",-3.61355603727333,0.811085660465908,104,5,0,0
"1036",-4.25927530576972,-2.32240439667327,104,6,1,0
"1037",0.189315858905405,-3.13042706576744,104,7,1,0
"1038",9.00345416664271,2.70981083175559,104,8,1,0
"1039",-4.3516208710535,-1.72214307725409,104,9,1,0
"1040",0.703410363421636,-0.993870290193554,104,10,1,0
"1041",3.29981194239793,2.17127626773624,105,1,0,0
"1042",9.04984040555584,2.64027827865298,105,2,0,0
"1043",-2.06905941828844,0.317518580749655,105,3,0,0
"1044",4.73299599773819,1.27832109869634,105,4,0,0
"1045",-3.39234911527944,-2.79911282408152,105,5,0,0
"1046",1.64356768769163,0.12625492847664,105,6,1,0
"1047",11.4457955918202,2.65336918145781,105,7,1,0
"1048",1.39857006064191,-1.55637352711511,105,8,1,0
"1049",-0.0888434523285333,0.663618760338929,105,9,1,0
"1050",-8.15069597695681,-5.44894173137805,105,10,1,0
"1051",-0.802160975166361,-2.50037051080798,106,1,0,0
"1052",-5.30803706789291,2.63508962109155,106,2,0,0
"1053",2.03598463282393,1.85341123931898,106,3,0,0
"1054",6.77587159938235,2.95326004765233,106,4,0,0
"1055",-4.78560684519756,-5.02691813217775,106,5,0,0
"1056",4.37189765934416,0.545283236309618,106,6,1,0
"1057",-1.01849900710034,-4.9251409312386,106,7,1,0
"1058",7.09653397309705,1.30480770850652,106,8,1,0
"1059",1.82985673516565,0.23447469812759,106,9,1,0
"1060",-0.652962951730591,-1.40878933311256,106,10,1,0
"1061",-1.62094161894661,0.186199223037997,107,1,0,0
"1062",4.9898140831567,0.149748580009534,107,2,0,0
"1063",-12.1706586434643,-3.08191310518327,107,3,0,0
"1064",-4.55072605859203,1.15906813866548,107,4,0,0
"1065",-4.2914977888823,-1.29758362116051,107,5,0,0
"1066",-1.5705743328234,1.58483341054943,107,6,1,0
"1067",0.184651021413754,-0.673494866973473,107,7,1,0
"1068",1.15191842638216,0.0212988902696451,107,8,1,0
"1069",2.6555481892227,-0.222345813658755,107,9,1,0
"1070",-2.13860674719838,0.340876805986468,107,10,1,0
"1071",1.39710622174274,1.67049434359776,108,1,0,0
"1072",5.55372322735825,0.292680058444503,108,2,0,0
"1073",2.31648991328545,1.26173412256538,108,3,0,0
"1074",0.0781111730515693,-2.19020645932003,108,4,0,0
"1075",-0.242098721590291,3.37767587893395,108,5,0,0
"1076",-6.4194857175054,-0.976908286378589,108,6,1,0
"1077",7.60383794640657,2.68604436380098,108,7,1,0
"1078",9.79805785848832,2.71908318472168,108,8,1,0
"1079",6.85946278468794,2.90935655838198,108,9,1,0
"1080",-0.629225017491688,3.19826329214982,108,10,1,0
