"","id","year","year_treated","time_to_treatment","treated","treatment_effect_true","x1","y"
"2",90,1,2,-1,1,0,-1.0947021321592,0.0172297128777501
"3",89,1,3,-2,1,0,-3.71006764856025,-4.58084528216559
"4",88,1,4,-3,1,0,2.52744015265539,2.73817173772823
"5",87,1,5,-4,1,0,-0.720426305862184,-0.651030658487726
"6",86,1,6,-5,1,0,-3.67116778595169,-5.33381663879361
"7",85,1,7,-6,1,0,-0.315213666548123,0.495626313629107
"8",84,1,8,-7,1,0,0.328563342025846,-1.58378245402124
"9",83,1,9,-8,1,0,-0.0885091450331463,-1.33526257382819
"10",82,1,10,-9,1,0,-2.34951611103888,-1.35136166598156
"11",81,1,10000,-1000,0,0,2.31318716017281,1.77231441565855
"12",80,1,10000,-1000,0,0,-0.565610610610141,-0.781986401390389
"13",79,1,10000,-1000,0,0,-3.15996610497222,-4.7819033978142
"14",78,1,10000,-1000,0,0,-7.248647812558,-8.69961177795736
"15",77,1,10000,-1000,0,0,1.32056216157919,1.67147189226701
"16",76,1,10000,-1000,0,0,-1.68121119568631,-1.85575812441753
"17",75,1,10000,-1000,0,0,-1.60745820295325,-2.19888667316941
"18",74,1,10000,-1000,0,0,0.855888470421906,-0.47813879047417
"19",73,1,10000,-1000,0,0,0.541268718779016,-0.556029782413268
"20",72,1,10000,-1000,0,0,-0.0420148368384636,1.99408877252586
"22",71,1,2,-1,1,0,0.440980188048499,1.21498540006998
"23",70,1,3,-2,1,0,-1.37458792221241,-0.589581521533133
"24",69,1,4,-3,1,0,-6.6704234275193,-5.90717734717341
"25",68,1,5,-4,1,0,0.0245050477254638,0.319313807290501
"26",67,1,6,-5,1,0,-1.7099369530088,-2.96229287718146
"27",66,1,7,-6,1,0,-1.9656734416101,-2.97517719437976
"28",65,1,8,-7,1,0,-5.33974148819134,-4.5883502936454
"29",64,1,9,-8,1,0,-2.79280792814828,-4.10116144073104
"30",63,1,10,-9,1,0,-0.493512690061742,0.0340274070019096
"31",62,1,10000,-1000,0,0,1.92034136994573,1.38680179636839
"32",61,1,10000,-1000,0,0,-1.82965996643946,-2.22803598053309
"33",60,1,10000,-1000,0,0,-0.571182816170327,-1.36075226666516
"34",59,1,10000,-1000,0,0,-1.70397453819515,-1.9341156744657
"35",58,1,10000,-1000,0,0,-5.09933362425621,-4.22214878260441
"36",57,1,10000,-1000,0,0,-2.63075628176015,-2.17702310421898
"37",56,1,10000,-1000,0,0,-2.57763000602906,-2.81009415375248
"38",55,1,10000,-1000,0,0,-1.71810851378322,-0.848102989092936
"39",54,1,10000,-1000,0,0,1.25665663818453,2.91266037233135
"40",53,1,10000,-1000,0,0,0.392329015769645,0.3859600868548
"42",52,1,2,-1,1,0,-2.21601998445934,-1.9378013353946
"43",51,1,3,-2,1,0,0.222433670849644,-0.755469270168468
"44",50,1,4,-3,1,0,-0.137564707384792,-1.06415084953074
"45",49,1,5,-4,1,0,-3.3332041729162,-1.413433710295
"46",48,1,6,-5,1,0,-3.38128804732536,-2.50001025954918
"47",47,1,7,-6,1,0,-0.630428902239399,0.111652869687078
"48",46,1,8,-7,1,0,0.406075076093194,0.553648480142628
"49",45,1,9,-8,1,0,-1.85418622940759,-1.36879766441532
"50",44,1,10,-9,1,0,0.694932489335873,0.846788528881854
"51",43,1,10000,-1000,0,0,-0.544409365584917,-0.502410611497647
"52",42,1,10000,-1000,0,0,-3.1363232802887,-2.91290096834565
"53",41,1,10000,-1000,0,0,-0.690631102998938,-1.70109618900315
"54",40,1,10000,-1000,0,0,-4.46376547144811,-2.06254336947689
"55",39,1,10000,-1000,0,0,2.11110216666543,2.91306395693631
"56",38,1,10000,-1000,0,0,3.51562315676777,3.26441519781212
"57",37,1,10000,-1000,0,0,-2.50817458454562,-1.29528521371639
"58",36,1,10000,-1000,0,0,-4.2450764319229,-4.87233451792778
"59",35,1,10000,-1000,0,0,-0.104063016283613,1.60709549119224
"60",34,1,10000,-1000,0,0,-1.91245404050947,-2.30682759353223
"62",33,1,2,-1,1,0,-1.66660188388354,-0.302482688483971
"63",32,1,3,-2,1,0,0.203897465063138,1.33612659779189
"64",31,1,4,-3,1,0,-1.49406418893568,-2.26838050829438
"65",30,1,5,-4,1,0,-3.4730915002346,-4.88346646622819
"66",29,1,6,-5,1,0,-1.08149029737772,-2.91601787807437
"67",28,1,7,-6,1,0,-6.19728642502678,-6.46629996295721
"68",27,1,8,-7,1,0,2.19457436937547,0.360645792095799
"69",26,1,9,-8,1,0,-1.17268026399864,-1.98714828277362
"70",25,1,10,-9,1,0,4.00882229420338,4.172394416582
"71",24,1,10000,-1000,0,0,-0.345798155033324,0.50972106701708
"72",23,1,10000,-1000,0,0,-3.38757780882573,-4.20754093570547
"73",22,1,10000,-1000,0,0,0.0011567718695451,-0.12244598810613
"74",21,1,10000,-1000,0,0,-3.96273081732157,-3.70778258128014
"75",20,1,10000,-1000,0,0,-4.78263255345786,-3.06370621522054
"76",19,1,10000,-1000,0,0,-0.818088986406185,-1.7766325139333
"77",18,1,10000,-1000,0,0,-2.70336478387683,-4.30767504563731
"78",17,1,10000,-1000,0,0,-1.56307911948633,-3.40868854119713
"79",16,1,10000,-1000,0,0,-1.37516181282341,-0.819424627533636
"80",15,1,10000,-1000,0,0,-3.07857620802704,-3.13869539937741
"82",14,1,2,-1,1,0,-1.9127722428625,-2.05361163001985
"83",13,1,3,-2,1,0,1.45695615960541,1.85005008511967
"84",12,1,4,-3,1,0,-5.47525881070204,-5.25104023654259
"85",11,1,5,-4,1,0,-0.0418997134256347,-0.0183577282570538
"86",10,1,6,-5,1,0,-0.711592887194272,-1.33455554695906
"87",9,1,7,-6,1,0,1.16190884156823,2.42391822219462
"88",8,1,8,-7,1,0,-2.34642555958923,-2.752199602365
"89",7,1,9,-8,1,0,-0.616478411021816,0.0502853604206637
"90",6,1,10,-9,1,0,-0.880562468811245,-0.715923314281117
"91",5,1,10000,-1000,0,0,-2.95797583787442,-1.17645136308725
"92",4,1,10000,-1000,0,0,1.5333711958505,2.24458516017438
"93",3,1,10000,-1000,0,0,1.4115795351094,1.07388837924703
"94",2,1,10000,-1000,0,0,0.230773599107568,0.221624646840213
"95",1,1,10000,-1000,0,0,2.50576497372021,2.38045576530678
"96",95,1,10000,-1000,0,0,-0.132886461502007,-2.22373255847431
"97",94,1,10000,-1000,0,0,-4.84154291207312,-3.14414901725243
"98",93,1,10000,-1000,0,0,-3.03686588893755,-1.97298473445004
"99",92,1,10000,-1000,0,0,-4.7081676746446,-5.47478431086988
"100",91,1,10000,-1000,0,0,-2.78062132184211,-2.39861376267173
"102",90,2,2,0,1,-1,-1.12452393345919,-3.25728334451161
"103",89,2,3,-1,1,0,-3.23829841573967,-1.74839100208645
"104",88,2,4,-2,1,0,-0.867436753736823,-1.11568385870579
"105",87,2,5,-3,1,0,-2.66975981476818,-2.48617610682472
"106",86,2,6,-4,1,0,2.70179265102928,3.10666366046903
"107",85,2,7,-5,1,0,0.37167583166128,-0.622448637648143
"108",84,2,8,-6,1,0,0.800772354475461,-0.284656975091808
"109",83,2,9,-7,1,0,-0.365836335723665,-0.414378890253388
"110",82,2,10,-8,1,0,2.51302163723517,3.08910723774738
"111",81,2,10000,-1000,0,0,-2.62795577023854,-2.55412523839392
"112",80,2,10000,-1000,0,0,-2.24183178821285,-1.53588621691064
"113",79,2,10000,-1000,0,0,1.95877354686489,2.29375365025624
"114",78,2,10000,-1000,0,0,-2.66113584217452,-2.11574803624991
"115",77,2,10000,-1000,0,0,-1.67789100441622,-3.08079691035748
"116",76,2,10000,-1000,0,0,-2.08915629547414,-1.41210240453026
"117",75,2,10000,-1000,0,0,-1.92765728400992,-2.71745773015282
"118",74,2,10000,-1000,0,0,-1.83698909877534,-2.30271798820944
"119",73,2,10000,-1000,0,0,-0.121856982401219,-0.226709047636009
"120",72,2,10000,-1000,0,0,-1.61124150306488,-3.25909259037021
"122",71,2,2,0,1,-1,1.76083753112448,0.320979894281272
"123",70,2,3,-1,1,0,-1.6938571693579,-2.41236862129637
"124",69,2,4,-2,1,0,-1.61617873048083,-2.17077632681575
"125",68,2,5,-3,1,0,-1.44015063570458,-0.194661458953156
"126",67,2,6,-4,1,0,0.362712784935391,-0.896208566025712
"127",66,2,7,-5,1,0,-1.38109517292343,-1.59647965435146
"128",65,2,8,-6,1,0,-1.3014042822622,-3.77336599238166
"129",64,2,9,-7,1,0,-2.72981223396638,-3.40398155407245
"130",63,2,10,-8,1,0,-1.93714428381948,-2.4384414692494
"131",62,2,10000,-1000,0,0,-1.08450227112833,0.4578235168237
"132",61,2,10000,-1000,0,0,-2.52406336962748,-3.48608143486424
"133",60,2,10000,-1000,0,0,-0.0391106019640017,-0.911290138405408
"134",59,2,10000,-1000,0,0,-4.58563228122441,-5.98326189912878
"135",58,2,10000,-1000,0,0,-0.53800901373859,-0.358203846922184
"136",57,2,10000,-1000,0,0,-4.62567872777306,-3.47158673998573
"137",56,2,10000,-1000,0,0,-1.88547940281258,-3.08401301289907
"138",55,2,10000,-1000,0,0,-2.38962421757204,-2.81534861904606
"139",54,2,10000,-1000,0,0,-2.66423746202061,-1.29792885317311
"140",53,2,10000,-1000,0,0,-1.34412747510827,-2.02842486976693
"142",52,2,2,0,1,-1,1.39165016113626,0.78115370395
"143",51,2,3,-1,1,0,-4.91073342172001,-6.21612934552531
"144",50,2,4,-2,1,0,-2.24601408260043,-1.0291260714993
"145",49,2,5,-3,1,0,-3.69297149667447,-2.89779747840216
"146",48,2,6,-4,1,0,-2.88320128385497,-3.37140379328077
"147",47,2,7,-5,1,0,3.41126382731193,2.50727037268177
"148",46,2,8,-6,1,0,-1.17935182821739,-1.56977024630431
"149",45,2,9,-7,1,0,-4.0708640636234,-3.25680064847799
"150",44,2,10,-8,1,0,-4.85668923767626,-5.42093851785969
"151",43,2,10000,-1000,0,0,-0.219448813819531,-2.09365413258885
"152",42,2,10000,-1000,0,0,-1.25909865462076,-1.40200336554186
"153",41,2,10000,-1000,0,0,-1.92338888300183,-1.15148487325949
"154",40,2,10000,-1000,0,0,-3.27919822831852,-4.43831615848606
"155",39,2,10000,-1000,0,0,-4.51702321216266,-4.75493873983299
"156",38,2,10000,-1000,0,0,-3.60263989879647,-4.82483322481873
"157",37,2,10000,-1000,0,0,1.00006388474124,1.11687009766688
"158",36,2,10000,-1000,0,0,-2.59586279701948,-2.728362425033
"159",35,2,10000,-1000,0,0,-4.2885017747181,-4.32218655075573
"160",34,2,10000,-1000,0,0,2.9280293729605,2.30570295473303
"162",33,2,2,0,1,-1,-1.74723772658969,-1.87579231218095
"163",32,2,3,-1,1,0,1.1297115519513,1.23484957098846
"164",31,2,4,-2,1,0,0.748092917830424,0.561157650256567
"165",30,2,5,-3,1,0,-2.59137448215852,-5.80456301457935
"166",29,2,6,-4,1,0,3.67505586561012,2.39943716244627
"167",28,2,7,-5,1,0,-1.78356733128566,-1.02066101339929
"168",27,2,8,-6,1,0,-4.37736952362767,-4.78418466707048
"169",26,2,9,-7,1,0,-1.53820297844753,-2.74652076232814
"170",25,2,10,-8,1,0,-0.757627793850285,-1.19695045072864
"171",24,2,10000,-1000,0,0,3.90100998162556,3.52542923568258
"172",23,2,10000,-1000,0,0,-0.983271480746029,-1.48471387589274
"173",22,2,10000,-1000,0,0,-0.204340902444664,0.29227167333409
"174",21,2,10000,-1000,0,0,-1.38905429895004,0.131826639278885
"175",20,2,10000,-1000,0,0,-1.95872604775839,-0.970634219947028
"176",19,2,10000,-1000,0,0,-1.29495421219303,-0.0488316782219604
"177",18,2,10000,-1000,0,0,0.528998625503386,0.199131298004903
"178",17,2,10000,-1000,0,0,3.38482264312361,4.22916735711256
"179",16,2,10000,-1000,0,0,1.06075462586531,0.0796788706189933
"180",15,2,10000,-1000,0,0,1.46112714049205,1.32190573537459
"182",14,2,2,0,1,-1,0.964281434573281,-0.048546575305326
"183",13,2,3,-1,1,0,-0.730155431180222,-1.03546435715091
"184",12,2,4,-2,1,0,-4.47219813928877,-5.05641159994107
"185",11,2,5,-3,1,0,-0.0623400245360781,0.708928477336583
"186",10,2,6,-4,1,0,-1.57004142954747,0.536147932214321
"187",9,2,7,-5,1,0,2.03042407300474,2.44258110985178
"188",8,2,8,-6,1,0,-2.9170536095297,-3.17831848762366
"189",7,2,9,-7,1,0,-2.17211551579806,-0.0983318697943703
"190",6,2,10,-8,1,0,-3.27198406457945,-4.05081428802039
"191",5,2,10000,-1000,0,0,-1.61073909476957,-0.479206581488664
"192",4,2,10000,-1000,0,0,-0.326298506039706,-0.747643634123361
"193",3,2,10000,-1000,0,0,-2.84090344266748,-3.86265081268721
"194",2,2,10000,-1000,0,0,0.623778853541791,1.84208423228857
"195",1,2,10000,-1000,0,0,-3.89738225641302,-5.69714293130841
"196",95,2,10000,-1000,0,0,-3.54229460367348,-3.8505445420242
"197",94,2,10000,-1000,0,0,1.97845875126583,1.99397399461456
"198",93,2,10000,-1000,0,0,-3.47101696976722,-3.91333468843415
"199",92,2,10000,-1000,0,0,-0.304201376904933,-1.94220910978612
"200",91,2,10000,-1000,0,0,-2.06313576167029,-2.70453691785314
"202",90,3,2,1,1,0,2.28816065216536,4.21132430512824
"203",89,3,3,0,1,-2,2.09689278726283,-1.75993684113702
"204",88,3,4,-1,1,0,-1.48873500371396,-3.59485343930899
"205",87,3,5,-2,1,0,-5.14323596866209,-4.44558744171774
"206",86,3,6,-3,1,0,3.8005567481279,4.70800115585623
"207",85,3,7,-4,1,0,0.377429387470482,0.181441188586459
"208",84,3,8,-5,1,0,0.142303686515125,-0.0645168014404748
"209",83,3,9,-6,1,0,-0.895009454979832,-0.16996628450473
"210",82,3,10,-7,1,0,0.0839257871986172,1.48264474263042
"211",81,3,10000,-1000,0,0,-1.17732805271494,-2.76788320214216
"212",80,3,10000,-1000,0,0,-0.0832737763140862,1.22122330032564
"213",79,3,10000,-1000,0,0,-1.61839556713538,-1.42238383343773
"214",78,3,10000,-1000,0,0,-3.43217727622063,-3.77152072170633
"215",77,3,10000,-1000,0,0,0.97725813202438,2.24240227216815
"216",76,3,10000,-1000,0,0,1.9718987576024,2.91167244267584
"217",75,3,10000,-1000,0,0,-1.44728332326356,-0.169330837327337
"218",74,3,10000,-1000,0,0,-3.21354588605917,-3.50470602969397
"219",73,3,10000,-1000,0,0,0.331008064581306,1.10718051426288
"220",72,3,10000,-1000,0,0,-0.953556960410044,-0.657831327198849
"222",71,3,2,1,1,0,-0.865966499430422,0.891266524909257
"223",70,3,3,0,1,-2,-2.04858496248355,-3.88685814362842
"224",69,3,4,-1,1,0,-1.50754818768597,-1.5622325635241
"225",68,3,5,-2,1,0,-3.03268890916454,-2.5037173084957
"226",67,3,6,-3,1,0,2.50183760149156,2.89157212274717
"227",66,3,7,-4,1,0,-1.48915431394448,-2.19492572878803
"228",65,3,8,-5,1,0,-3.87218756129753,-3.92536603638997
"229",64,3,9,-6,1,0,-0.501210519012145,2.1052339697735
"230",63,3,10,-7,1,0,-0.377826893372233,-0.450419998155501
"231",62,3,10000,-1000,0,0,-2.71340254981074,-3.00967444124107
"232",61,3,10000,-1000,0,0,-6.27209878649034,-5.53776845042835
"233",60,3,10000,-1000,0,0,-2.067623643074,-1.66614289663741
"234",59,3,10000,-1000,0,0,0.196869475282812,-0.341431600756913
"235",58,3,10000,-1000,0,0,-0.9816326946049,-2.06435550552197
"236",57,3,10000,-1000,0,0,-1.05354261139529,-0.205741203891173
"237",56,3,10000,-1000,0,0,0.178755414140641,0.297600429147448
"238",55,3,10000,-1000,0,0,-3.08857483983035,-2.60632761705419
"239",54,3,10000,-1000,0,0,1.18096852202514,0.889643717301011
"240",53,3,10000,-1000,0,0,-0.879946058372414,-2.53205632984968
"242",52,3,2,1,1,0,1.06377986010373,3.45435656006558
"243",51,3,3,0,1,-2,-0.45205510966147,-3.91382679596251
"244",50,3,4,-1,1,0,-2.51309489318864,-3.49790118593637
"245",49,3,5,-2,1,0,1.30473605654166,-0.0313176879612973
"246",48,3,6,-3,1,0,-4.6101673693495,-4.97529898108256
"247",47,3,7,-4,1,0,-1.8886860427771,-0.507231794797429
"248",46,3,8,-5,1,0,-1.34804518045064,-1.50136243620481
"249",45,3,9,-6,1,0,-1.18059150399107,-1.43616313823097
"250",44,3,10,-7,1,0,1.03826654714751,-0.250360556449565
"251",43,3,10000,-1000,0,0,-0.615224442274719,-0.549958025274028
"252",42,3,10000,-1000,0,0,-0.108568704712557,0.926757716708337
"253",41,3,10000,-1000,0,0,-1.00020420172656,1.26001159013367
"254",40,3,10000,-1000,0,0,-1.33307364964035,-0.0183773743249853
"255",39,3,10000,-1000,0,0,0.430694324558412,-0.439329021128653
"256",38,3,10000,-1000,0,0,1.27344015186616,0.770310116481065
"257",37,3,10000,-1000,0,0,-5.36362989732497,-4.7561743420691
"258",36,3,10000,-1000,0,0,0.201043059469206,0.191001643214632
"259",35,3,10000,-1000,0,0,-0.169235956855657,0.106094342763106
"260",34,3,10000,-1000,0,0,-1.66518361864026,-2.97748240201161
"262",33,3,2,1,1,0,-1.59780820341556,-2.52421245109546
"263",32,3,3,0,1,-2,-1.40163794420917,-4.33019586882041
"264",31,3,4,-1,1,0,0.733362990059804,0.0144623878377006
"265",30,3,5,-2,1,0,2.34566921016677,1.93087864064866
"266",29,3,6,-3,1,0,-0.364963010882512,-0.370630904023043
"267",28,3,7,-4,1,0,-1.65941722263932,-1.02596830314447
"268",27,3,8,-5,1,0,-3.09353892224368,-3.60271969589964
"269",26,3,9,-6,1,0,-1.48896908105465,-2.34597770038338
"270",25,3,10,-7,1,0,-2.62738962356348,-1.01122204675062
"271",24,3,10000,-1000,0,0,-1.3541447313754,-0.360278324537068
"272",23,3,10000,-1000,0,0,-0.132482477187461,0.564363382218341
"273",22,3,10000,-1000,0,0,-2.46288568181161,-0.762915008846206
"274",21,3,10000,-1000,0,0,4.08386451851965,3.10612257325697
"275",20,3,10000,-1000,0,0,-0.578218479462403,1.47059910249694
"276",19,3,10000,-1000,0,0,1.24348146737649,2.46993079153707
"277",18,3,10000,-1000,0,0,-5.15050717711901,-4.84348416514141
"278",17,3,10000,-1000,0,0,0.515684342913576,1.14001732684023
"279",16,3,10000,-1000,0,0,-3.33126953275171,-3.26992809030069
"280",15,3,10000,-1000,0,0,0.850036648217953,0.739210856789005
"282",14,3,2,1,1,0,-1.63201225671636,-0.889422410897712
"283",13,3,3,0,1,-2,1.60634839074842,1.74867178885407
"284",12,3,4,-1,1,0,-2.18122322411027,-0.0914502674371058
"285",11,3,5,-2,1,0,-1.95567442336454,-1.78588009623702
"286",10,3,6,-3,1,0,-2.7419108816714,-2.84978867059245
"287",9,3,7,-4,1,0,-2.11941555150862,-1.9374210569293
"288",8,3,8,-5,1,0,0.897498440387352,2.04342661871165
"289",7,3,9,-6,1,0,-0.0589503512053289,1.41834847139708
"290",6,3,10,-7,1,0,1.00964749445307,1.41759164698709
"291",5,3,10000,-1000,0,0,-1.59945653393244,-0.485177798718383
"292",4,3,10000,-1000,0,0,-0.166158229307952,-0.193234073301508
"293",3,3,10000,-1000,0,0,-0.413376049415473,0.084346153931805
"294",2,3,10000,-1000,0,0,-3.53698713983622,-2.35134712620135
"295",1,3,10000,-1000,0,0,2.45562616333184,6.09519979007213
"296",95,3,10000,-1000,0,0,-0.618542173000839,-0.672544768594899
"297",94,3,10000,-1000,0,0,0.561681150713717,-0.106466166172899
"298",93,3,10000,-1000,0,0,0.916107695437455,1.36191565285279
"299",92,3,10000,-1000,0,0,-0.964508460720858,-1.37033370708463
"300",91,3,10000,-1000,0,0,-1.44181343132583,-0.806530286804255
"302",90,4,2,2,1,1,-2.11593002054745,0.200237142492228
"303",89,4,3,1,1,-1,2.47834809658948,0.518571612928112
"304",88,4,4,0,1,-3,-1.1058490280734,-5.31142423945423
"305",87,4,5,-1,1,0,1.99559069405367,3.56316375226831
"306",86,4,6,-2,1,0,1.77957326866047,2.00485906845154
"307",85,4,7,-3,1,0,-0.395700280342903,-1.31811093778351
"308",84,4,8,-4,1,0,0.341322442802199,-0.732449967599991
"309",83,4,9,-5,1,0,-2.08130566538516,-2.63366395094755
"310",82,4,10,-6,1,0,-0.0303650017536511,0.560096399383334
"311",81,4,10000,-1000,0,0,1.06637693113932,0.539101520414407
"312",80,4,10000,-1000,0,0,-0.3711771244072,0.970669039356665
"313",79,4,10000,-1000,0,0,-1.21315534881798,-0.969310720331383
"314",78,4,10000,-1000,0,0,-1.52005326331857,-1.32417247392426
"315",77,4,10000,-1000,0,0,-0.576644699790173,-0.592164428416407
"316",76,4,10000,-1000,0,0,1.10526179183357,0.807684463681792
"317",75,4,10000,-1000,0,0,-1.25856797515578,-1.42624712221722
"318",74,4,10000,-1000,0,0,-0.706145761341105,0.450332818595415
"319",73,4,10000,-1000,0,0,-2.49161635911301,-3.83038036833032
"320",72,4,10000,-1000,0,0,0.23035840383616,1.31712717909434
"322",71,4,2,2,1,1,1.75648239283148,3.49120563738237
"323",70,4,3,1,1,-1,0.7179827843897,-0.340431699394053
"324",69,4,4,0,1,-3,-3.36773757067229,-7.71355047492504
"325",68,4,5,-1,1,0,0.211663519258961,0.558568788536786
"326",67,4,6,-2,1,0,0.172253732775697,-0.46615091420852
"327",66,4,7,-3,1,0,-1.05983705029406,0.0645553042246143
"328",65,4,8,-4,1,0,-0.262491621466314,-1.0902246522812
"329",64,4,9,-5,1,0,-1.83701013040379,-3.62479026791924
"330",63,4,10,-6,1,0,0.511798288211874,-0.342211714352392
"331",62,4,10000,-1000,0,0,-1.01981030156872,-1.59183302392508
"332",61,4,10000,-1000,0,0,-2.9100706018877,-3.73600128059686
"333",60,4,10000,-1000,0,0,-1.08122146973345,-1.3188055637799
"334",59,4,10000,-1000,0,0,1.55465967990323,0.959333183795522
"335",58,4,10000,-1000,0,0,-1.03073859180165,-1.44148078656125
"336",57,4,10000,-1000,0,0,0.593253104413486,0.921244542822141
"337",56,4,10000,-1000,0,0,0.918704851409965,-0.244941760279736
"338",55,4,10000,-1000,0,0,-0.515277082191368,0.24490058283104
"339",54,4,10000,-1000,0,0,-1.05819639472187,-1.06075223077226
"340",53,4,10000,-1000,0,0,-1.32815340618129,-1.36638117709629
"342",52,4,2,2,1,1,-2.14052396812461,-1.44175304756117
"343",51,4,3,1,1,-1,-0.147245828784144,-1.70289193321561
"344",50,4,4,0,1,-3,-0.962581654067797,-3.1152862383525
"345",49,4,5,-1,1,0,-3.96906948521939,-2.5782489741768
"346",48,4,6,-2,1,0,-2.66620243100857,-1.43495621575876
"347",47,4,7,-3,1,0,0.87218378784696,-0.241153674305192
"348",46,4,8,-4,1,0,-0.813092952055296,-1.60914684471886
"349",45,4,9,-5,1,0,0.70060260510871,0.611082727961991
"350",44,4,10,-6,1,0,2.35071109401454,1.29105420615308
"351",43,4,10000,-1000,0,0,1.72123378759829,0.11692159361822
"352",42,4,10000,-1000,0,0,0.508811750824105,1.30016241684934
"353",41,4,10000,-1000,0,0,0.0563207026430889,0.12447723070207
"354",40,4,10000,-1000,0,0,-0.815405551538399,-0.201009551810311
"355",39,4,10000,-1000,0,0,1.87953500724664,0.676467254419452
"356",38,4,10000,-1000,0,0,0.385479706204706,0.0450248708440748
"357",37,4,10000,-1000,0,0,-2.30812277886155,-3.47937141328465
"358",36,4,10000,-1000,0,0,-0.758855332887073,-1.58827010052222
"359",35,4,10000,-1000,0,0,-3.44249839253738,-3.21328635073233
"360",34,4,10000,-1000,0,0,-0.819150240832621,-1.63414315911536
"362",33,4,2,2,1,1,1.4779024392407,1.17173398023153
"363",32,4,3,1,1,-1,-1.48925030247742,-3.9234720739853
"364",31,4,4,0,1,-3,-1.17638744717167,-5.03923538040834
"365",30,4,5,-1,1,0,-0.779669510699625,0.92412969311453
"366",29,4,6,-2,1,0,0.409807001660213,-0.245825594813762
"367",28,4,7,-3,1,0,0.510442825020229,-0.602725800605722
"368",27,4,8,-4,1,0,0.342435091874094,-1.06307035449427
"369",26,4,9,-5,1,0,-1.39336547557078,-1.54400916235843
"370",25,4,10,-6,1,0,-2.59686261432482,-2.99086952675359
"371",24,4,10000,-1000,0,0,-1.11359607457201,-0.861526754824131
"372",23,4,10000,-1000,0,0,-0.0989943175311484,-0.38170075526311
"373",22,4,10000,-1000,0,0,-1.77467803075199,-0.907010418217806
"374",21,4,10000,-1000,0,0,-0.62674574607439,0.0933453752132762
"375",20,4,10000,-1000,0,0,-2.29912090209941,-1.24305130069088
"376",19,4,10000,-1000,0,0,-0.534617871277599,-0.291115810899204
"377",18,4,10000,-1000,0,0,-0.325857500357232,0.788505161714083
"378",17,4,10000,-1000,0,0,-0.743990376864456,-0.820543090589339
"379",16,4,10000,-1000,0,0,-0.771439637651641,0.161485416298732
"380",15,4,10000,-1000,0,0,2.16210460543695,2.0041228667678
"382",14,4,2,2,1,1,1.16959496096347,0.949493869538329
"383",13,4,3,1,1,-1,-1.92706672098331,-3.63597971260768
"384",12,4,4,0,1,-3,-0.271848144712929,-4.02052774255437
"385",11,4,5,-1,1,0,1.23563956653527,1.81171709268194
"386",10,4,6,-2,1,0,-0.607995799509259,-0.660095263440223
"387",9,4,7,-3,1,0,-3.76279861505518,-4.39313578865066
"388",8,4,8,-4,1,0,0.00287373439027572,-0.89546233112047
"389",7,4,9,-5,1,0,-3.42126022797559,-1.90857435245831
"390",6,4,10,-6,1,0,-1.75654987285399,-1.99329916560859
"391",5,4,10000,-1000,0,0,1.4931254355832,0.244322013986803
"392",4,4,10000,-1000,0,0,0.415010129033169,-0.0149992073523526
"393",3,4,10000,-1000,0,0,1.13951756398345,1.23281700045116
"394",2,4,10000,-1000,0,0,-0.0553278373753083,0.777713251335169
"395",1,4,10000,-1000,0,0,-0.689630314558825,-0.774562792677699
"396",95,4,10000,-1000,0,0,-1.9287497482765,-1.81689670926425
"397",94,4,10000,-1000,0,0,1.90239800473429,0.862962061885318
"398",93,4,10000,-1000,0,0,-0.45346692565568,0.342955887865247
"399",92,4,10000,-1000,0,0,-1.61037703530624,-1.51047365914829
"400",91,4,10000,-1000,0,0,0.794873360355328,1.53183311354614
"402",90,5,2,3,1,2,2.05149028159584,4.23041125345922
"403",89,5,3,2,1,0,-0.881903758815213,-1.16445035045845
"404",88,5,4,1,1,-2,-0.632865740913825,-3.40016451948891
"405",87,5,5,0,1,-4,-0.662631345954009,-5.23903558619713
"406",86,5,6,-1,1,0,-0.615008876824361,-1.52986471682512
"407",85,5,7,-2,1,0,-0.604411877578584,-0.234500916291206
"408",84,5,8,-3,1,0,-0.521113144087119,-1.98879750738881
"409",83,5,9,-4,1,0,1.51869300641148,-0.226668971996608
"410",82,5,10,-5,1,0,-0.99289398996451,-1.66027579388597
"411",81,5,10000,-1000,0,0,-0.629695596732035,0.454583409750031
"412",80,5,10000,-1000,0,0,0.59208106261994,0.714912704052103
"413",79,5,10000,-1000,0,0,1.14648167879194,0.65223228403884
"414",78,5,10000,-1000,0,0,-1.08044141668086,-0.410853232766357
"415",77,5,10000,-1000,0,0,-0.770479034734063,-1.12195788806899
"416",76,5,10000,-1000,0,0,0.440735053422891,0.325754652541811
"417",75,5,10000,-1000,0,0,1.02084329498342,1.09383023678474
"418",74,5,10000,-1000,0,0,-0.468855459659159,0.619919152893822
"419",73,5,10000,-1000,0,0,-1.85278945401367,-0.560220715547931
"420",72,5,10000,-1000,0,0,1.83250142265637,3.11501271675543
"422",71,5,2,3,1,2,-1.00795963979795,1.32151014363114
"423",70,5,3,2,1,0,-0.250379314891489,1.62925640284201
"424",69,5,4,1,1,-2,-2.23959034350163,-2.19669131245027
"425",68,5,5,0,1,-4,0.494858815517412,-2.17656481186244
"426",67,5,6,-1,1,0,1.71888938218594,1.49922073844937
"427",66,5,7,-2,1,0,-2.09614267701829,-3.1361901085696
"428",65,5,8,-3,1,0,-1.08919669829252,-0.896246915583386
"429",64,5,9,-4,1,0,-0.926726285540208,-1.48196253741945
"430",63,5,10,-5,1,0,-0.973632445612157,-0.698641555760795
"431",62,5,10000,-1000,0,0,-2.56104876228771,-3.11156216737366
"432",61,5,10000,-1000,0,0,0.414135911816549,1.33539580491004
"433",60,5,10000,-1000,0,0,-1.97230720566245,0.21714878671
"434",59,5,10000,-1000,0,0,-0.203337588775938,0.760657201306544
"435",58,5,10000,-1000,0,0,0.522167890317036,1.2639863665897
"436",57,5,10000,-1000,0,0,-0.406670156222936,-0.369313591263469
"437",56,5,10000,-1000,0,0,0.873218868386422,3.05405255462115
"438",55,5,10000,-1000,0,0,-0.20417984677398,-0.283765050281447
"439",54,5,10000,-1000,0,0,-0.934337873329456,0.441957155494158
"440",53,5,10000,-1000,0,0,0.584829279114074,2.16014595590479
"442",52,5,2,3,1,2,1.90703826503249,0.653818192129555
"443",51,5,3,2,1,0,-0.195427324536438,-0.525357811850141
"444",50,5,4,1,1,-2,0.827206186709445,-0.715703987627963
"445",49,5,5,0,1,-4,0.0668687235675246,-5.23723503386686
"446",48,5,6,-1,1,0,-3.70541136086695,-4.99658479971217
"447",47,5,7,-2,1,0,-1.77779315494251,-0.871413423273788
"448",46,5,8,-3,1,0,-0.671882660236837,-3.46784415544806
"449",45,5,9,-4,1,0,0.10401467882627,0.337575250146573
"450",44,5,10,-5,1,0,-2.92432550618425,-3.19336144483341
"451",43,5,10000,-1000,0,0,0.95503220781844,0.296487152801298
"452",42,5,10000,-1000,0,0,-0.883580722494069,-0.82023492942349
"453",41,5,10000,-1000,0,0,-1.05786144078725,-1.00338460172226
"454",40,5,10000,-1000,0,0,-2.00026397503259,-1.75325465159595
"455",39,5,10000,-1000,0,0,-1.88084817041899,-1.75681262251323
"456",38,5,10000,-1000,0,0,-0.107857549610049,-0.643114249217656
"457",37,5,10000,-1000,0,0,0.424004297640662,0.682486889026623
"458",36,5,10000,-1000,0,0,-2.63688546030387,-1.24917659234631
"459",35,5,10000,-1000,0,0,-1.35310211356491,-0.685931667265229
"460",34,5,10000,-1000,0,0,0.455000367825707,1.9520498199064
"462",33,5,2,3,1,2,2.36813166125889,4.95120750462963
"463",32,5,3,2,1,0,1.28850428264658,1.79186280892841
"464",31,5,4,1,1,-2,0.525118496194237,-2.21812918578101
"465",30,5,5,0,1,-4,-0.168256297535796,-4.98513388298966
"466",29,5,6,-1,1,0,0.15397633548736,2.02426001654933
"467",28,5,7,-2,1,0,-1.00271774762631,-1.82997079167257
"468",27,5,8,-3,1,0,0.563295635937644,1.51400832952192
"469",26,5,9,-4,1,0,1.56376667289982,1.29759432183912
"470",25,5,10,-5,1,0,1.09794592980927,-0.00113625188733923
"471",24,5,10000,-1000,0,0,-1.12873170440897,-2.66294924748258
"472",23,5,10000,-1000,0,0,-2.074536791387,-3.28084665102091
"473",22,5,10000,-1000,0,0,-0.302725355283629,-2.25275062814294
"474",21,5,10000,-1000,0,0,0.343609379692325,-0.540430649939492
"475",20,5,10000,-1000,0,0,1.41206363132226,2.38546961652386
"476",19,5,10000,-1000,0,0,-1.72202572914824,-2.30299704498371
"477",18,5,10000,-1000,0,0,0.253793489457055,1.99056087096909
"478",17,5,10000,-1000,0,0,0.100136015054234,-0.0725393030989831
"479",16,5,10000,-1000,0,0,1.22770165263816,0.289709120889099
"480",15,5,10000,-1000,0,0,-0.20675664015393,-0.49135029994698
"482",14,5,2,3,1,2,-1.5203396057827,0.0357289681883932
"483",13,5,3,2,1,0,-0.781437376941176,-0.721440803471946
"484",12,5,4,1,1,-2,-0.599120498719261,-2.51688754985405
"485",11,5,5,0,1,-4,2.58553807699529,-0.656064399317531
"486",10,5,6,-1,1,0,2.69821423096076,3.2378772218641
"487",9,5,7,-2,1,0,-0.369698677686857,0.406948968845634
"488",8,5,8,-3,1,0,-1.39924635349624,-1.2670746888218
"489",7,5,9,-4,1,0,-2.49019765321232,-3.29706295300306
"490",6,5,10,-5,1,0,0.43022906199621,0.879579147782803
"491",5,5,10000,-1000,0,0,-1.45431372620677,-1.04167226937362
"492",4,5,10000,-1000,0,0,2.50817796642691,2.10456391731493
"493",3,5,10000,-1000,0,0,-1.21369729674058,-1.601785574218
"494",2,5,10000,-1000,0,0,-0.0435526917519417,1.05163505608835
"495",1,5,10000,-1000,0,0,4.29923839350576,5.6397184365589
"496",95,5,10000,-1000,0,0,-1.47584050404,-1.36143495736435
"497",94,5,10000,-1000,0,0,0.187089729159398,-0.205174891122223
"498",93,5,10000,-1000,0,0,-1.47347429580226,0.178883547395284
"499",92,5,10000,-1000,0,0,0.234151518801444,-1.00954608997317
"500",91,5,10000,-1000,0,0,-1.19919494677888,-2.11112081755844
"502",90,6,2,4,1,3,-0.174530398591187,1.90015660630956
"503",89,6,3,3,1,1,-1.21512466694012,0.678456547501083
"504",88,6,4,2,1,-1,0.187248105363083,-1.75376163244879
"505",87,6,5,1,1,-3,1.33812088603721,-1.12292701986124
"506",86,6,6,0,1,-5,2.04529339554546,-3.13668100255988
"507",85,6,7,-1,1,0,-1.43755952685445,-0.545791931889325
"508",84,6,8,-2,1,0,-0.119050292532874,1.21015791270204
"509",83,6,9,-3,1,0,1.53514408591193,1.43167796070545
"510",82,6,10,-4,1,0,-1.13409596214799,-0.519031351425669
"511",81,6,10000,-1000,0,0,-2.79444543370725,-4.59421782904345
"512",80,6,10000,-1000,0,0,-0.924750206508175,-1.18745534815118
"513",79,6,10000,-1000,0,0,-0.961539431717552,-2.17168130859597
"514",78,6,10000,-1000,0,0,0.229741756136707,0.434219008687578
"515",77,6,10000,-1000,0,0,-0.299992603209208,-0.313986707721119
"516",76,6,10000,-1000,0,0,0.445764872777912,0.210564032959026
"517",75,6,10000,-1000,0,0,-0.321870639287217,-0.510189293525171
"518",74,6,10000,-1000,0,0,0.613202072279512,1.56448514112002
"519",73,6,10000,-1000,0,0,-0.255696742335766,-0.409711528309261
"520",72,6,10000,-1000,0,0,1.57115850109377,3.42540300584562
"522",71,6,2,4,1,3,0.515230503486829,3.87453020538729
"523",70,6,3,3,1,1,-0.864814476114638,2.24972047009506
"524",69,6,4,2,1,-1,0.418188245324834,-1.71756074151833
"525",68,6,5,1,1,-3,0.117955821752563,-3.67830016403178
"526",67,6,6,0,1,-5,-1.80362080089449,-7.20119025104524
"527",66,6,7,-1,1,0,0.00466997428573546,0.0963940158313175
"528",65,6,8,-2,1,0,1.5595503391692,1.32085626503392
"529",64,6,9,-3,1,0,0.973947696870413,0.511985333171027
"530",63,6,10,-4,1,0,0.342161966826301,2.2685025741759
"531",62,6,10000,-1000,0,0,-1.22577769625149,-1.10372288142887
"532",61,6,10000,-1000,0,0,1.5466540375536,2.63870461405989
"533",60,6,10000,-1000,0,0,0.266972656795206,-2.70528481865221
"534",59,6,10000,-1000,0,0,-0.356387541622496,0.772101509342781
"535",58,6,10000,-1000,0,0,2.1017162744963,3.41371640350993
"536",57,6,10000,-1000,0,0,-0.729503552459765,-1.2121115255248
"537",56,6,10000,-1000,0,0,0.530133510285342,0.305274513631521
"538",55,6,10000,-1000,0,0,1.67873827354387,3.34650358442324
"539",54,6,10000,-1000,0,0,0.88099449319689,0.922213025513497
"540",53,6,10000,-1000,0,0,-0.186450655774367,0.851724189777022
"542",52,6,2,4,1,3,0.590916367708398,3.43261679056276
"543",51,6,3,3,1,1,0.776812594790502,1.48472717989892
"544",50,6,4,2,1,-1,0.195835508347112,-2.2240634549921
"545",49,6,5,1,1,-3,1.72183728924474,-3.41648073596374
"546",48,6,6,0,1,-5,0.0967044466735829,-4.92579565822902
"547",47,6,7,-1,1,0,-0.648150414553336,-0.378379460928393
"548",46,6,8,-2,1,0,0.804806420402807,0.301837021371765
"549",45,6,9,-3,1,0,-2.41088114410995,-1.78007375374223
"550",44,6,10,-4,1,0,0.634164084203384,1.10872929261994
"551",43,6,10000,-1000,0,0,0.757418079762292,0.416759018185856
"552",42,6,10000,-1000,0,0,-0.0900102056911889,-0.040408646169042
"553",41,6,10000,-1000,0,0,-1.13752497441,0.157738216450098
"554",40,6,10000,-1000,0,0,-0.289729354150184,0.0248948508081219
"555",39,6,10000,-1000,0,0,1.99347684154167,2.795049345244
"556",38,6,10000,-1000,0,0,-0.698888411438354,-0.212829515205895
"557",37,6,10000,-1000,0,0,-2.56341750193764,-0.837856445286812
"558",36,6,10000,-1000,0,0,1.12755910563243,1.22999196638324
"559",35,6,10000,-1000,0,0,-0.41454340154956,-1.4043804764889
"560",34,6,10000,-1000,0,0,-0.425785428365239,-0.886226637364126
"562",33,6,2,4,1,3,0.147506977833331,2.87810971366243
"563",32,6,3,3,1,1,0.997238939156413,1.82768486949977
"564",31,6,4,2,1,-1,-0.515707777626652,-0.850838804360044
"565",30,6,5,1,1,-3,-0.538302301808923,-4.31385321701427
"566",29,6,6,0,1,-5,1.46143589425789,-5.45782523677136
"567",28,6,7,-1,1,0,-0.116583437795021,1.90274910183836
"568",27,6,8,-2,1,0,-0.013732512265857,0.421478002603158
"569",26,6,9,-3,1,0,-0.560667185784885,0.489501646369966
"570",25,6,10,-4,1,0,1.23109238928563,0.918977548635226
"571",24,6,10000,-1000,0,0,-0.993183375365392,-0.899565758060846
"572",23,6,10000,-1000,0,0,1.17100256148408,-0.982185189102487
"573",22,6,10000,-1000,0,0,1.11987750527317,1.47787057629966
"574",21,6,10000,-1000,0,0,-0.374968505876755,0.09289630545272
"575",20,6,10000,-1000,0,0,1.17002806457827,0.263339229701935
"576",19,6,10000,-1000,0,0,1.33244913500069,0.803099219473936
"577",18,6,10000,-1000,0,0,0.849763400575611,2.19334011743076
"578",17,6,10000,-1000,0,0,2.55113611376174,3.02057017038522
"579",16,6,10000,-1000,0,0,-2.12979359591012,-2.38289868366054
"580",15,6,10000,-1000,0,0,-1.19361562154607,-0.824511906217647
"582",14,6,2,4,1,3,0.370845261454732,4.54278068707533
"583",13,6,3,3,1,1,2.03433023142006,1.12559388649376
"584",12,6,4,2,1,-1,2.14381644620486,0.139425635580865
"585",11,6,5,1,1,-3,0.747246327016739,-1.57606615932415
"586",10,6,6,0,1,-5,1.20554474199471,-2.64213351378827
"587",9,6,7,-1,1,0,0.00390885574249736,-1.72885106182081
"588",8,6,8,-2,1,0,0.724559031172325,1.32586788775839
"589",7,6,9,-3,1,0,0.615687507146842,0.957337821221343
"590",6,6,10,-4,1,0,-0.719463530247182,-0.754744539312902
"591",5,6,10000,-1000,0,0,-0.17033489853228,-0.796499918328011
"592",4,6,10000,-1000,0,0,0.015688219076637,-0.840282990669447
"593",3,6,10000,-1000,0,0,1.81035247492213,1.96213031689592
"594",2,6,10000,-1000,0,0,-1.04342437384038,0.162948320005757
"595",1,6,10000,-1000,0,0,-2.30821898359739,-3.79679686680006
"596",95,6,10000,-1000,0,0,1.07594199814682,0.0255678750780599
"597",94,6,10000,-1000,0,0,-0.7841742977083,0.853699819200288
"598",93,6,10000,-1000,0,0,-0.337994831003521,-1.5453290122068
"599",92,6,10000,-1000,0,0,1.23610579365542,-1.39004929094735
"600",91,6,10000,-1000,0,0,-0.721865502668798,-0.704402236517779
"602",90,7,2,5,1,4,2.80861953787785,6.82133937520998
"603",89,7,3,4,1,2,1.32604121858085,2.45259108539189
"604",88,7,4,3,1,0,1.34717173173985,1.68997201608107
"605",87,7,5,2,1,-2,0.313958794761073,-1.8634289595214
"606",86,7,6,1,1,-4,-1.20810506692758,-4.28667181233697
"607",85,7,7,0,1,-6,-1.75585251712643,-7.45490811491689
"608",84,7,8,-1,1,0,0.181985139164843,0.875371891874643
"609",83,7,9,-2,1,0,3.56853197437828,3.89400388065706
"610",82,7,10,-3,1,0,0.859398739212865,1.26744976194174
"611",81,7,10000,-1000,0,0,0.772142716338853,1.53198497222987
"612",80,7,10000,-1000,0,0,1.02821553412234,-1.25893798632808
"613",79,7,10000,-1000,0,0,-0.0643039203147882,0.453534341273669
"614",78,7,10000,-1000,0,0,-1.60689237800347,-2.95412863628956
"615",77,7,10000,-1000,0,0,4.59437378419802,4.95753364306635
"616",76,7,10000,-1000,0,0,-0.122866487053535,1.19188607760474
"617",75,7,10000,-1000,0,0,0.067508709630999,-0.380797201276795
"618",74,7,10000,-1000,0,0,-2.2059217531973,-3.01408622145655
"619",73,7,10000,-1000,0,0,0.144510264804093,0.0582417657645134
"620",72,7,10000,-1000,0,0,0.145582199720331,1.73100647224117
"622",71,7,2,5,1,4,-2.1976975857255,1.95106462592747
"623",70,7,3,4,1,2,3.23817823971176,4.69174357156772
"624",69,7,4,3,1,0,3.20610044964128,2.67842486237716
"625",68,7,5,2,1,-2,1.57152386752363,-0.568347691968415
"626",67,7,6,1,1,-4,-1.15332441852386,-6.74273583297371
"627",66,7,7,0,1,-6,1.60943486815385,-3.15646096615847
"628",65,7,8,-1,1,0,0.146850917593727,-0.188603930738378
"629",64,7,9,-2,1,0,0.0352662639542329,-1.96573624285564
"630",63,7,10,-3,1,0,2.59587795439961,2.57841955166125
"631",62,7,10000,-1000,0,0,-1.34683087249051,-1.58779776833413
"632",61,7,10000,-1000,0,0,-0.256089462671899,-2.04807886159442
"633",60,7,10000,-1000,0,0,-0.590886372621984,1.45880513860502
"634",59,7,10000,-1000,0,0,0.552033783256142,-0.565183828254735
"635",58,7,10000,-1000,0,0,-1.871882715447,-3.22543226026464
"636",57,7,10000,-1000,0,0,-0.548481606812604,-0.0971792957816853
"637",56,7,10000,-1000,0,0,1.61160022613199,2.64482765098249
"638",55,7,10000,-1000,0,0,1.23001574810719,1.0341300529933
"639",54,7,10000,-1000,0,0,-0.960280046665796,-0.732969659885051
"640",53,7,10000,-1000,0,0,1.37308539411505,0.270885644127562
"642",52,7,2,5,1,4,0.00376333404813245,4.31659377996064
"643",51,7,3,4,1,2,1.60718819116577,3.7081939043649
"644",50,7,4,3,1,0,-0.481064522131293,0.267050892158945
"645",49,7,5,2,1,-2,0.466568021586183,-0.534471083620207
"646",48,7,6,1,1,-4,-1.90296501198659,-6.63548032099975
"647",47,7,7,0,1,-6,1.81228850391702,-3.7068162559722
"648",46,7,8,-1,1,0,-2.29426783485118,-3.28371814310853
"649",45,7,9,-2,1,0,0.0293846560945416,2.25894370444029
"650",44,7,10,-3,1,0,0.133491360393577,0.59022795998245
"651",43,7,10000,-1000,0,0,0.614692175205094,0.578876731620436
"652",42,7,10000,-1000,0,0,-0.731359239361312,-1.22180194578107
"653",41,7,10000,-1000,0,0,3.30676996010653,3.08620334892571
"654",40,7,10000,-1000,0,0,-1.65432035079402,-2.75552971157901
"655",39,7,10000,-1000,0,0,0.908761347517145,0.972231818874196
"656",38,7,10000,-1000,0,0,-3.95228083566478,-3.36875490257765
"657",37,7,10000,-1000,0,0,0.525648579123887,0.0122897329291279
"658",36,7,10000,-1000,0,0,1.297668405864,0.485116283936412
"659",35,7,10000,-1000,0,0,-1.12894145141138,-2.75826135692595
"660",34,7,10000,-1000,0,0,1.59470769077174,2.16361339728351
"662",33,7,2,5,1,4,2.00791465390778,5.79659209453884
"663",32,7,3,4,1,2,-0.761567717964308,0.687334351636454
"664",31,7,4,3,1,0,-0.955223445257817,-0.696862316316683
"665",30,7,5,2,1,-2,-2.17424894470414,-5.54945939111514
"666",29,7,6,1,1,-4,0.031181024241447,-5.44157312486125
"667",28,7,7,0,1,-6,-1.51564517096359,-8.96085484380945
"668",27,7,8,-1,1,0,1.56932584532462,1.20803742070345
"669",26,7,9,-2,1,0,0.630458927689525,1.42116889242016
"670",25,7,10,-3,1,0,3.85471309537753,4.56937094170152
"671",24,7,10000,-1000,0,0,-1.2400265165859,-1.80518003388391
"672",23,7,10000,-1000,0,0,2.32046767955722,3.73848198298634
"673",22,7,10000,-1000,0,0,-0.280667981162957,-1.42642476215296
"674",21,7,10000,-1000,0,0,-1.69497494994485,-2.18779277289723
"675",20,7,10000,-1000,0,0,1.39401195830149,0.660959684645497
"676",19,7,10000,-1000,0,0,-1.65958863922347,-1.50035655886894
"677",18,7,10000,-1000,0,0,-1.08399004121116,-2.83518300043064
"678",17,7,10000,-1000,0,0,-0.593803807398651,0.591027059653795
"679",16,7,10000,-1000,0,0,0.842966691739356,2.04999829276012
"680",15,7,10000,-1000,0,0,-0.998357377037386,-0.0207080505068823
"682",14,7,2,5,1,4,-1.30283339632796,3.85343002626993
"683",13,7,3,4,1,2,0.851687241440661,3.33848357819317
"684",12,7,4,3,1,0,0.739746208362881,1.69859487115794
"685",11,7,5,2,1,-2,-1.10006978351426,-2.92227741232548
"686",10,7,6,1,1,-4,-0.130380951866414,-3.83813007083236
"687",9,7,7,0,1,-6,-0.47671486417369,-8.59005554882705
"688",8,7,8,-1,1,0,1.98214288326561,1.44409497244452
"689",7,7,9,-2,1,0,2.89023999586095,3.90426558061412
"690",6,7,10,-3,1,0,-1.06209102119804,-0.960821379724188
"691",5,7,10000,-1000,0,0,1.93827673676612,0.71956936521804
"692",4,7,10000,-1000,0,0,0.407145207696936,-0.551231585094217
"693",3,7,10000,-1000,0,0,-2.47204403287502,-3.027841517481
"694",2,7,10000,-1000,0,0,-0.628492231023187,1.4933836806201
"695",1,7,10000,-1000,0,0,1.22382779753317,1.04423780997222
"696",95,7,10000,-1000,0,0,0.742819984498109,0.0980845762553697
"697",94,7,10000,-1000,0,0,-3.19515713741726,-5.2877409091738
"698",93,7,10000,-1000,0,0,1.4052004522587,-0.496670385440152
"699",92,7,10000,-1000,0,0,1.51894244617788,2.74119272249947
"700",91,7,10000,-1000,0,0,0.0585179271531426,-0.792702514227015
"702",90,8,2,6,1,5,4.55669993420644,9.22759713224192
"703",89,8,3,5,1,3,0.701659676001594,1.37525014856149
"704",88,8,4,4,1,1,0.843741374809176,4.03673937434568
"705",87,8,5,3,1,-1,-1.23085866705397,-3.3133386434509
"706",86,8,6,2,1,-3,-1.64350714860894,-5.14986811596901
"707",85,8,7,1,1,-5,-1.97827669142013,-6.8823577345871
"708",84,8,8,0,1,-7,0.08089226567258,-7.03927299226898
"709",83,8,9,-1,1,0,3.41481772957426,1.89615009989969
"710",82,8,10,-2,1,0,4.14946686849087,2.63888180564792
"711",81,8,10000,-1000,0,0,3.80272128047423,5.19832620870453
"712",80,8,10000,-1000,0,0,3.29482491497277,2.58640297089281
"713",79,8,10000,-1000,0,0,0.425659159125543,1.25359751223553
"714",78,8,10000,-1000,0,0,-1.41915021346304,0.288605623750532
"715",77,8,10000,-1000,0,0,0.256958679729629,-0.522207877141945
"716",76,8,10000,-1000,0,0,-3.64121559867698,-4.34811466734896
"717",75,8,10000,-1000,0,0,0.283175058996048,-1.70972745151931
"718",74,8,10000,-1000,0,0,3.97384810164097,5.8737246345519
"719",73,8,10000,-1000,0,0,1.11482911708597,0.358622181213303
"720",72,8,10000,-1000,0,0,2.9192132812067,2.54125750148248
"722",71,8,2,6,1,5,-0.586572648837552,5.15538551047006
"723",70,8,3,5,1,3,4.1303269789983,8.74130297501213
"724",69,8,4,4,1,1,0.72337243923866,1.95075988613399
"725",68,8,5,3,1,-1,-0.95428674155642,-2.35480241547378
"726",67,8,6,2,1,-3,1.00208352639467,-3.66749687324839
"727",66,8,7,1,1,-5,-1.96975673268256,-5.47905563538046
"728",65,8,8,0,1,-7,2.48517915043877,-3.82333341636283
"729",64,8,9,-1,1,0,1.80786227205929,1.7668847953945
"730",63,8,10,-2,1,0,0.206528573304284,1.4108734259827
"731",62,8,10000,-1000,0,0,-0.0433860755136085,1.25512888805673
"732",61,8,10000,-1000,0,0,2.62077863067198,2.15856160991206
"733",60,8,10000,-1000,0,0,-1.11670074796647,-2.34247449578866
"734",59,8,10000,-1000,0,0,-0.969745790881824,-0.00647903677606521
"735",58,8,10000,-1000,0,0,1.66327655731431,2.35648778527519
"736",57,8,10000,-1000,0,0,0.026017990362749,-0.47537517556339
"737",56,8,10000,-1000,0,0,2.59981804619862,5.75378946318234
"738",55,8,10000,-1000,0,0,0.498541402225524,-2.05056549279142
"739",54,8,10000,-1000,0,0,3.10426819265387,3.09613010782478
"740",53,8,10000,-1000,0,0,1.79659827336761,2.93537891433891
"742",52,8,2,6,1,5,-1.6271286737427,4.34871633522114
"743",51,8,3,5,1,3,3.26868229212441,6.41703258540763
"744",50,8,4,4,1,1,2.16170883414659,3.95061759145431
"745",49,8,5,3,1,-1,-0.938408737714267,-1.38082751800656
"746",48,8,6,2,1,-3,-1.64661793065702,-4.67401232369993
"747",47,8,7,1,1,-5,2.80285864853686,-3.07421631026338
"748",46,8,8,0,1,-7,-0.648030830445797,-6.43178735971739
"749",45,8,9,-1,1,0,4.2390948988782,3.88784508660328
"750",44,8,10,-2,1,0,4.18265313909776,3.88826002172422
"751",43,8,10000,-1000,0,0,-1.85025148048072,-1.59711367102175
"752",42,8,10000,-1000,0,0,-0.711380822346788,-0.699882836520336
"753",41,8,10000,-1000,0,0,-1.4683851845775,-3.44416914680257
"754",40,8,10000,-1000,0,0,2.11775028573658,1.69142356187501
"755",39,8,10000,-1000,0,0,-1.54372564295701,-0.931423082846856
"756",38,8,10000,-1000,0,0,-2.93540794774359,-1.70459383890789
"757",37,8,10000,-1000,0,0,4.6497768062536,3.37896899822392
"758",36,8,10000,-1000,0,0,2.75107609451344,2.10052043100984
"759",35,8,10000,-1000,0,0,2.39793568729812,-0.0452305498872443
"760",34,8,10000,-1000,0,0,-0.371673890640417,0.624874703878049
"762",33,8,2,6,1,5,2.02872030668149,7.81974507051922
"763",32,8,3,5,1,3,-1.52590322272341,0.910905240485449
"764",31,8,4,4,1,1,0.63759013962941,1.85141634232831
"765",30,8,5,3,1,-1,1.19858160676645,1.17566427086868
"766",29,8,6,2,1,-3,4.03536037278459,0.80119927014877
"767",28,8,7,1,1,-5,2.07071096281818,-2.08062848322705
"768",27,8,8,0,1,-7,3.2676684525599,-3.07836065687475
"769",26,8,9,-1,1,0,1.13276920834877,-0.457800817925105
"770",25,8,10,-2,1,0,-1.21037472730988,-0.900951594395965
"771",24,8,10000,-1000,0,0,0.234773011919952,-2.25120917796565
"772",23,8,10000,-1000,0,0,-2.24307861605069,-2.5215177233468
"773",22,8,10000,-1000,0,0,2.60686209360703,2.05442833427349
"774",21,8,10000,-1000,0,0,3.51935253395216,4.39539460674243
"775",20,8,10000,-1000,0,0,0.752668071955687,1.04615176639718
"776",19,8,10000,-1000,0,0,-0.964288266536563,-1.56151031340846
"777",18,8,10000,-1000,0,0,2.90287282529952,2.74566922199196
"778",17,8,10000,-1000,0,0,1.13048796484948,1.31467302512784
"779",16,8,10000,-1000,0,0,0.147642317891307,-0.865389696407485
"780",15,8,10000,-1000,0,0,2.97100488353405,2.29116147879422
"782",14,8,2,6,1,5,3.01845247207371,6.48343373559442
"783",13,8,3,5,1,3,-0.705438011484367,1.77002197540522
"784",12,8,4,4,1,1,1.6018775178067,2.58335013234853
"785",11,8,5,3,1,-1,2.53678650449834,-0.0313606666606336
"786",10,8,6,2,1,-3,-1.62691802753428,-4.15906635333889
"787",9,8,7,1,1,-5,1.61442515929131,-4.05340370469014
"788",8,8,8,0,1,-7,0.661290902441483,-6.02762673797099
"789",7,8,9,-1,1,0,2.13356232525566,2.2761133294242
"790",6,8,10,-2,1,0,-0.604688079963739,-0.978722800694552
"791",5,8,10000,-1000,0,0,0.707292622475152,-1.23763375356061
"792",4,8,10000,-1000,0,0,3.45475907185174,1.85707775778135
"793",3,8,10000,-1000,0,0,1.18502166015755,-1.35563620082161
"794",2,8,10000,-1000,0,0,2.40928134097568,3.77132859051664
"795",1,8,10000,-1000,0,0,0.456890466416901,0.096224463065069
"796",95,8,10000,-1000,0,0,-1.05496101222643,0.881436298637656
"797",94,8,10000,-1000,0,0,0.849522448662604,-0.606361348868853
"798",93,8,10000,-1000,0,0,-1.42072288086691,0.0611828274303667
"799",92,8,10000,-1000,0,0,-3.98465324211347,-2.90853360606557
"800",91,8,10000,-1000,0,0,3.05615724790744,2.29866884654147
"802",90,9,2,7,1,6,-2.83219773893972,3.74918689029318
"803",89,9,3,6,1,4,3.4254036941851,7.27867979175907
"804",88,9,4,5,1,2,1.19162551717723,4.69860729462852
"805",87,9,5,4,1,0,-0.112002137022817,-0.391534780267993
"806",86,9,6,3,1,-2,0.823257247977265,0.850995981275973
"807",85,9,7,2,1,-4,0.273135594799113,-4.92260460103013
"808",84,9,8,1,1,-6,3.42845772113821,-1.259224387188
"809",83,9,9,0,1,-8,2.8318377152326,-5.69216979753851
"810",82,9,10,-1,1,0,-2.61161882571647,-2.25736931657517
"811",81,9,10000,-1000,0,0,2.00174876572678,1.93007427804429
"812",80,9,10000,-1000,0,0,2.82995903050436,2.69681472421933
"813",79,9,10000,-1000,0,0,2.70009301892544,2.61201563455613
"814",78,9,10000,-1000,0,0,-4.15904202562296,-3.24125309431232
"815",77,9,10000,-1000,0,0,0.695926892983711,0.727366157353463
"816",76,9,10000,-1000,0,0,5.6086305490851,6.96756113121296
"817",75,9,10000,-1000,0,0,2.98517199922581,3.09866684432501
"818",74,9,10000,-1000,0,0,-2.57312787524828,-2.3988213289082
"819",73,9,10000,-1000,0,0,-2.47197351198691,-2.52545391667177
"820",72,9,10000,-1000,0,0,2.30718282356611,1.88242478952296
"822",71,9,2,7,1,6,3.35001335401898,10.3429362718081
"823",70,9,3,6,1,4,1.86962235975641,6.68348024820772
"824",69,9,4,5,1,2,1.39758542337262,4.39359100720613
"825",68,9,5,4,1,0,1.6252840439104,3.35802831483008
"826",67,9,6,3,1,-2,1.58667689101322,-0.0562810745550602
"827",66,9,7,2,1,-4,-1.59795298048265,-5.4422266459005
"828",65,9,8,1,1,-6,6.42895567961454,1.981744335877
"829",64,9,9,0,1,-8,-1.91380087032336,-9.97787048816888
"830",63,9,10,-1,1,0,1.18031469312635,0.172095934962672
"831",62,9,10000,-1000,0,0,0.0106696772888768,-0.882225846368165
"832",61,9,10000,-1000,0,0,5.21046481698679,4.55595019576664
"833",60,9,10000,-1000,0,0,3.4612418926299,2.0274590641087
"834",59,9,10000,-1000,0,0,-0.032352042630786,1.38583231056749
"835",58,9,10000,-1000,0,0,1.67354396827715,1.07965830298382
"836",57,9,10000,-1000,0,0,3.80285204776673,4.92182384580892
"837",56,9,10000,-1000,0,0,6.1779510028026,8.56203256609373
"838",55,9,10000,-1000,0,0,1.88833820757674,1.48505171342195
"839",54,9,10000,-1000,0,0,-1.09427684543253,-0.72416828698878
"840",53,9,10000,-1000,0,0,-0.963497934784357,-1.53879094851877
"842",52,9,2,7,1,6,-3.37445707279856,1.54662813767956
"843",51,9,3,6,1,4,7.99536957451999,13.1738609038005
"844",50,9,4,5,1,2,0.638275755177269,3.5078785283563
"845",49,9,5,4,1,0,0.210119832629936,1.14128614242844
"846",48,9,6,3,1,-2,1.56739310691364,0.592074334512667
"847",47,9,7,2,1,-4,3.28812891859149,-0.0988960253035422
"848",46,9,8,1,1,-6,1.88958734735797,-3.50222257116371
"849",45,9,9,0,1,-8,-3.12067824768433,-12.0135699579241
"850",44,9,10,-1,1,0,2.00205531489747,2.45409092121454
"851",43,9,10000,-1000,0,0,2.21694608640873,1.84223377938698
"852",42,9,10000,-1000,0,0,2.68077457846264,5.52095972350056
"853",41,9,10000,-1000,0,0,-1.06968910532813,-0.337295652093089
"854",40,9,10000,-1000,0,0,-4.04083849299577,-3.20031956474973
"855",39,9,10000,-1000,0,0,0.498045284414918,-1.72160683293388
"856",38,9,10000,-1000,0,0,-0.876458296470291,-2.20392207854239
"857",37,9,10000,-1000,0,0,-0.480759428593503,-1.45742012673865
"858",36,9,10000,-1000,0,0,-0.897485456411207,-1.48456132844078
"859",35,9,10000,-1000,0,0,0.335186499350545,-0.232826315925392
"860",34,9,10000,-1000,0,0,0.527675210132657,1.17131616685886
"862",33,9,2,7,1,6,3.4057672951723,9.10718926946561
"863",32,9,3,6,1,4,-0.544284753736209,4.64527780549353
"864",31,9,4,5,1,2,0.532996236938291,0.424055033080239
"865",30,9,5,4,1,0,2.01959486373204,1.94631285973657
"866",29,9,6,3,1,-2,4.32036075211503,3.18376362138877
"867",28,9,7,2,1,-4,1.09357366798895,-1.83171887056018
"868",27,9,8,1,1,-6,-2.5500553956778,-8.7559080258938
"869",26,9,9,0,1,-8,1.73216784919058,-6.70144598326748
"870",25,9,10,-1,1,0,0.953798899323802,0.771575114915663
"871",24,9,10000,-1000,0,0,5.14920662883914,4.71812795586068
"872",23,9,10000,-1000,0,0,1.97962192211405,1.55501231168212
"873",22,9,10000,-1000,0,0,-0.163949232838033,-1.51776890926883
"874",21,9,10000,-1000,0,0,0.24310265463967,0.0465077056574546
"875",20,9,10000,-1000,0,0,0.0972191532389648,0.331335290046318
"876",19,9,10000,-1000,0,0,1.63054785455697,1.07334156053787
"877",18,9,10000,-1000,0,0,1.60921722855084,0.495891953616613
"878",17,9,10000,-1000,0,0,3.24922519766007,1.61858977179983
"879",16,9,10000,-1000,0,0,1.92806506813484,1.54024118667413
"880",15,9,10000,-1000,0,0,0.404645882426326,2.12727789906195
"882",14,9,2,7,1,6,2.6256634853076,7.98900263922032
"883",13,9,3,6,1,4,1.07933882746867,7.86072596132452
"884",12,9,4,5,1,2,1.62345652136633,1.66620064497288
"885",11,9,5,4,1,0,3.66573729091421,3.80826518727321
"886",10,9,6,3,1,-2,5.10383382877776,3.76833262770138
"887",9,9,7,2,1,-4,-0.897567948958549,-5.37619544144347
"888",8,9,8,1,1,-6,4.86439638680042,0.0480859699223908
"889",7,9,9,0,1,-8,-0.704423741587075,-7.89898645026466
"890",6,9,10,-1,1,0,1.80868579515715,1.86200355305749
"891",5,9,10000,-1000,0,0,1.71113728588345,0.543790870634048
"892",4,9,10000,-1000,0,0,0.603769322138209,0.927119478005726
"893",3,9,10000,-1000,0,0,4.31029562531441,3.98951260288025
"894",2,9,10000,-1000,0,0,-0.243489270183431,-1.12943953428454
"895",1,9,10000,-1000,0,0,2.68294906325276,2.83422723509081
"896",95,9,10000,-1000,0,0,1.18853389723793,1.76789736928337
"897",94,9,10000,-1000,0,0,-0.848027813408252,-0.927194639584722
"898",93,9,10000,-1000,0,0,3.91203472168514,4.7608023569903
"899",92,9,10000,-1000,0,0,-3.41386728253135,-5.92490076966372
"900",91,9,10000,-1000,0,0,0.0509626282751945,0.789439742652571
"902",90,10,2,8,1,7,2.06452677589841,9.35106579226041
"903",89,10,3,7,1,5,2.2444012388829,8.39202109477031
"904",88,10,4,6,1,3,-1.30466439295249,1.83489430912059
"905",87,10,5,5,1,1,3.23620554586681,4.32513215466557
"906",86,10,6,4,1,-1,-1.08441922746647,-4.71457854445964
"907",85,10,7,3,1,-3,3.25737060972852,-0.959850222393333
"908",84,10,8,2,1,-5,2.17616546735373,-2.07468195379608
"909",83,10,9,1,1,-7,3.40125289625079,-5.01468002786158
"910",82,10,10,0,1,-9,-0.842152685476843,-9.95453534731452
"911",81,10,10000,-1000,0,0,1.81058567611448,2.11461768215738
"912",80,10,10000,-1000,0,0,0.378359900468399,0.02434709552035
"913",79,10,10000,-1000,0,0,-2.2031119255156,-3.05435441504506
"914",78,10,10000,-1000,0,0,1.95769600772387,0.49652293255451
"915",77,10,10000,-1000,0,0,6.11724008441891,6.38149193063277
"916",76,10,10000,-1000,0,0,-0.0969798033042975,-2.00433774732156
"917",75,10,10000,-1000,0,0,1.05320062855751,0.127969362326858
"918",74,10,10000,-1000,0,0,3.33445643821314,3.22288514526837
"919",73,10,10000,-1000,0,0,1.65866167703434,0.693427251601658
"920",72,10,10000,-1000,0,0,6.55286503107061,6.38996610721723
"922",71,10,2,8,1,7,7.52226174849901,14.5403605234763
"923",70,10,3,7,1,5,2.46118720849429,7.5984496643308
"924",69,10,4,6,1,3,-1.34361881788864,3.25526725335934
"925",68,10,5,5,1,1,2.64702599308711,3.53572514440666
"926",67,10,6,4,1,-1,-0.806417740678357,-1.52096186711225
"927",66,10,7,3,1,-3,-1.01812143369093,-6.00203132975765
"928",65,10,8,2,1,-5,1.07974026461395,-3.88951951727868
"929",64,10,9,1,1,-7,3.96226656249507,-3.79773832376712
"930",63,10,10,0,1,-9,2.4483593079747,-7.77565390954107
"931",62,10,10000,-1000,0,0,3.65462248748969,4.65698914002107
"932",61,10,10000,-1000,0,0,3.91460289396906,3.89306147111022
"933",60,10,10000,-1000,0,0,1.12495733742185,2.07027867670608
"934",59,10,10000,-1000,0,0,-4.59800635017521,-5.50649756637241
"935",58,10,10000,-1000,0,0,3.60814497277815,1.20594274590141
"936",57,10,10000,-1000,0,0,7.13168308115044,7.29462112867726
"937",56,10,10000,-1000,0,0,1.71572247614404,2.65893140677859
"938",55,10,10000,-1000,0,0,-1.9106804368952,0.633924423335912
"939",54,10,10000,-1000,0,0,0.622811203955636,1.51000213744899
"940",53,10,10000,-1000,0,0,-0.831977650661403,0.22845911582451
"942",52,10,2,8,1,7,3.30076153714488,10.6536164185614
"943",51,10,3,7,1,5,3.78911717421435,8.31378904590587
"944",50,10,4,6,1,3,2.16935456625101,5.59141093606468
"945",49,10,5,5,1,1,-0.830572950873164,-1.01413210509456
"946",48,10,6,4,1,-1,3.65265158434293,2.26890200085084
"947",47,10,7,3,1,-3,5.02558664658742,0.565920840894583
"948",46,10,8,2,1,-5,7.34405595787356,2.38982918233849
"949",45,10,9,1,1,-7,0.299244994998227,-6.24829889117063
"950",44,10,10,0,1,-9,2.78239683959519,-6.16003729002836
"951",43,10,10000,-1000,0,0,4.6288271372685,3.99013328411983
"952",42,10,10000,-1000,0,0,1.26725443020896,1.0285731119035
"953",41,10,10000,-1000,0,0,2.91265798735057,1.26975536578172
"954",40,10,10000,-1000,0,0,2.11610273015747,1.89352815920085
"955",39,10,10000,-1000,0,0,1.22092923264126,-0.554639218092612
"956",38,10,10000,-1000,0,0,1.99829545328007,1.98282955049515
"957",37,10,10000,-1000,0,0,4.04133798812362,5.79238486258252
"958",36,10,10000,-1000,0,0,2.61480745177211,3.31901395732209
"959",35,10,10000,-1000,0,0,0.369074378239879,1.85009370245704
"960",34,10,10000,-1000,0,0,-4.1811781785135,-2.82829026635427
"962",33,10,2,8,1,7,1.51471221614714,8.87821095666041
"963",32,10,3,7,1,5,-4.88588667931355,-1.71354941242742
"964",31,10,4,6,1,3,7.23903113262113,11.1328088766737
"965",30,10,5,5,1,1,-2.25412251224817,-1.97324744650659
"966",29,10,6,4,1,-1,-1.41247570651311,-1.47196618668668
"967",28,10,7,3,1,-3,5.30634825788385,0.43519066693996
"968",27,10,8,2,1,-5,-4.05312097119024,-7.90611825400975
"969",26,10,9,1,1,-7,3.46228764240435,-4.04070345246638
"970",25,10,10,0,1,-9,0.683217975649939,-6.89088365601803
"971",24,10,10000,-1000,0,0,2.73565649071161,2.71631653514076
"972",23,10,10000,-1000,0,0,3.81907196708328,3.18099824066358
"973",22,10,10000,-1000,0,0,-0.893421941880765,-0.395150941488694
"974",21,10,10000,-1000,0,0,-0.24522277200851,-0.303469507199163
"975",20,10,10000,-1000,0,0,-6.12400288672718,-6.75021966450238
"976",19,10,10000,-1000,0,0,-0.900063560099917,-1.79468432086123
"977",18,10,10000,-1000,0,0,2.54144623795162,4.95150645289653
"978",17,10,10000,-1000,0,0,2.86187604325887,1.91222879268673
"979",16,10,10000,-1000,0,0,6.76716949032411,7.32632099089414
"980",15,10,10000,-1000,0,0,1.7317428438129,1.52032815413332
"982",14,10,2,8,1,7,1.75779023053415,7.36759924130688
"983",13,10,3,7,1,5,0.316734783748822,3.82810547461402
"984",12,10,4,6,1,3,3.48755713539826,5.08151250187269
"985",11,10,5,5,1,1,2.75710199913296,2.26086651691925
"986",10,10,6,4,1,-1,1.89799730007306,1.58414322417512
"987",9,10,7,3,1,-3,-0.526487651771996,-3.76324928245282
"988",8,10,8,2,1,-5,1.46289269746697,-1.53796487332507
"989",7,10,9,1,1,-7,3.57096518241316,-2.79579613469128
"990",6,10,10,0,1,-9,3.30163585203465,-4.05016660105756
"991",5,10,10000,-1000,0,0,0.3274698301785,0.830188473568184
"992",4,10,10000,-1000,0,0,-0.150973165621353,0.694494246734845
"993",3,10,10000,-1000,0,0,2.88172014584697,3.3489675415762
"994",2,10,10000,-1000,0,0,4.25732945429921,3.85527439060258
"995",1,10,10000,-1000,0,0,1.87654035815715,2.80006706141055
"996",95,10,10000,-1000,0,0,0.762032331999576,0.753976691287794
"997",94,10,10000,-1000,0,0,-0.693811193451899,0.339973044162353
"998",93,10,10000,-1000,0,0,0.490060684400967,-0.309066297325732
"999",92,10,10000,-1000,0,0,-2.23869994483978,-1.23446692388644
"1000",91,10,10000,-1000,0,0,-0.223344119188862,-0.535317475381553
